game,app_id,date,avg_ccu,peak_ccu,source,review_count,positive_count,negative_count,positive_ratio,avg_sentiment_score
ARK: Survival Evolved,346110,2015-05-01,5.28,28,steamcharts,,,,,
ARK: Survival Evolved,346110,2015-06-01,42871.49,80162,steamcharts,,,,,
ARK: Survival Evolved,346110,2015-07-01,46764.79,74888,steamcharts,,,,,
ARK: Survival Evolved,346110,2015-08-01,45057.02,84838,steamcharts,,,,,
ARK: Survival Evolved,346110,2015-09-01,35498.3,60299,steamcharts,,,,,
ARK: Survival Evolved,346110,2015-10-01,38020.88,64516,steamcharts,,,,,
ARK: Survival Evolved,346110,2015-11-01,32862.44,59880,steamcharts,,,,,
ARK: Survival Evolved,346110,2015-12-01,32092.93,55946,steamcharts,,,,,
ARK: Survival Evolved,346110,2016-01-01,39054.41,67018,steamcharts,,,,,
ARK: Survival Evolved,346110,2016-02-01,37747.59,65577,steamcharts,,,,,
ARK: Survival Evolved,346110,2016-03-01,35664.04,63069,steamcharts,,,,,
ARK: Survival Evolved,346110,2016-04-01,35385.63,63900,steamcharts,,,,,
ARK: Survival Evolved,346110,2016-05-01,39182.24,78089,steamcharts,,,,,
ARK: Survival Evolved,346110,2016-06-01,42386.9,71194,steamcharts,,,,,
ARK: Survival Evolved,346110,2016-07-01,39067.7,69764,steamcharts,,,,,
ARK: Survival Evolved,346110,2016-08-01,35210.62,60039,steamcharts,,,,,
ARK: Survival Evolved,346110,2016-09-01,37334.83,67157,steamcharts,,,,,
ARK: Survival Evolved,346110,2016-10-01,32923.02,59524,steamcharts,,,,,
ARK: Survival Evolved,346110,2016-11-01,31316.81,54698,steamcharts,,,,,
ARK: Survival Evolved,346110,2016-12-01,36022.81,67651,steamcharts,,,,,
ARK: Survival Evolved,346110,2017-01-01,46440.81,76879,steamcharts,,,,,
ARK: Survival Evolved,346110,2017-02-01,53134.72,100723,steamcharts,,,,,
ARK: Survival Evolved,346110,2017-03-01,41052.97,75022,steamcharts,,,,,
ARK: Survival Evolved,346110,2017-04-01,42206.47,73857,steamcharts,,,,,
ARK: Survival Evolved,346110,2017-05-01,37352.26,66342,steamcharts,,,,,
ARK: Survival Evolved,346110,2017-06-01,47080.74,76482,steamcharts,,,,,
ARK: Survival Evolved,346110,2017-07-01,41812.09,72455,steamcharts,,,,,
ARK: Survival Evolved,346110,2017-08-01,34847.2,57421,steamcharts,,,,,
ARK: Survival Evolved,346110,2017-09-01,43690.15,78303,steamcharts,,,,,
ARK: Survival Evolved,346110,2017-10-01,37636.82,68570,steamcharts,,,,,
ARK: Survival Evolved,346110,2017-11-01,34137.79,63378,steamcharts,,,,,
ARK: Survival Evolved,346110,2017-12-01,46473.28,85894,steamcharts,,,,,
ARK: Survival Evolved,346110,2018-01-01,49018.06,86640,steamcharts,,,,,
ARK: Survival Evolved,346110,2018-02-01,41955.97,71259,steamcharts,,,,,
ARK: Survival Evolved,346110,2018-03-01,38309.15,64647,steamcharts,,,,,
ARK: Survival Evolved,346110,2018-04-01,34418.28,58344,steamcharts,,,,,
ARK: Survival Evolved,346110,2018-05-01,31404.34,50021,steamcharts,,,,,
ARK: Survival Evolved,346110,2018-06-01,41794.49,79451,steamcharts,,,,,
ARK: Survival Evolved,346110,2018-07-01,45060.2,70823,steamcharts,,,,,
ARK: Survival Evolved,346110,2018-08-01,32497.43,50789,steamcharts,,,,,
ARK: Survival Evolved,346110,2018-09-01,28288.19,49072,steamcharts,,,,,
ARK: Survival Evolved,346110,2018-10-01,29337.62,49049,steamcharts,,,,,
ARK: Survival Evolved,346110,2018-11-01,51906.05,106170,steamcharts,,,,,
ARK: Survival Evolved,346110,2018-12-01,42992.14,76351,steamcharts,,,,,
ARK: Survival Evolved,346110,2019-01-01,36177.7,58388,steamcharts,,,,,
ARK: Survival Evolved,346110,2019-02-01,32446.72,52697,steamcharts,,,,,
ARK: Survival Evolved,346110,2019-03-01,33546.95,56169,steamcharts,,,,,
ARK: Survival Evolved,346110,2019-04-01,32627.89,54895,steamcharts,,,,,
ARK: Survival Evolved,346110,2019-05-01,33224.1,55915,steamcharts,,,,,
ARK: Survival Evolved,346110,2019-06-01,43532.02,83446,steamcharts,,,,,
ARK: Survival Evolved,346110,2019-07-01,47442.55,75524,steamcharts,,,,,
ARK: Survival Evolved,346110,2019-08-01,43146.76,70047,steamcharts,,,,,
ARK: Survival Evolved,346110,2019-09-01,34210.82,56829,steamcharts,,,,,
ARK: Survival Evolved,346110,2019-10-01,31256.23,54069,steamcharts,,,,,
ARK: Survival Evolved,346110,2019-11-01,36183.73,62857,steamcharts,,,,,
ARK: Survival Evolved,346110,2019-12-01,40473.32,66043,steamcharts,,,,,
ARK: Survival Evolved,346110,2020-01-01,45655.85,74200,steamcharts,,,,,
ARK: Survival Evolved,346110,2020-02-01,53394.18,138648,steamcharts,,,,,
ARK: Survival Evolved,346110,2020-03-01,87738.7,157355,steamcharts,,,,,
ARK: Survival Evolved,346110,2020-04-01,82091.26,125636,steamcharts,,,,,
ARK: Survival Evolved,346110,2020-05-01,60918.07,101631,steamcharts,,,,,
ARK: Survival Evolved,346110,2020-06-01,59435.7,97813,steamcharts,,,,,
ARK: Survival Evolved,346110,2020-07-01,57163.99,90664,steamcharts,,,,,
ARK: Survival Evolved,346110,2020-08-01,47770.61,75208,steamcharts,,,,,
ARK: Survival Evolved,346110,2020-09-01,45240.48,73081,steamcharts,,,,,
ARK: Survival Evolved,346110,2020-10-01,41760.0,71828,steamcharts,,,,,
ARK: Survival Evolved,346110,2020-11-01,56425.6,98433,steamcharts,,,,,
ARK: Survival Evolved,346110,2020-12-01,56324.05,86471,steamcharts,,,,,
ARK: Survival Evolved,346110,2021-01-01,63160.05,92006,steamcharts,,,,,
ARK: Survival Evolved,346110,2021-02-01,61785.58,98637,steamcharts,,,,,
ARK: Survival Evolved,346110,2021-03-01,49320.37,76387,steamcharts,,,,,
ARK: Survival Evolved,346110,2021-04-01,46678.07,73572,steamcharts,,,,,
ARK: Survival Evolved,346110,2021-05-01,45419.0,84679,steamcharts,,,,,
ARK: Survival Evolved,346110,2021-06-01,74676.49,147475,steamcharts,,,,,
ARK: Survival Evolved,346110,2021-07-01,55917.67,95701,steamcharts,,,,,
ARK: Survival Evolved,346110,2021-08-01,47548.12,73618,steamcharts,,,,,
ARK: Survival Evolved,346110,2021-09-01,39489.46,66133,steamcharts,,,,,
ARK: Survival Evolved,346110,2021-10-01,36967.1,66708,steamcharts,,,,,
ARK: Survival Evolved,346110,2021-11-01,40559.88,69159,steamcharts,,,,,
ARK: Survival Evolved,346110,2021-12-01,53273.34,92234,steamcharts,,,,,
ARK: Survival Evolved,346110,2022-01-01,61978.73,96650,steamcharts,,,,,
ARK: Survival Evolved,346110,2022-02-01,50184.09,86443,steamcharts,,,,,
ARK: Survival Evolved,346110,2022-03-01,38219.71,61402,steamcharts,,,,,
ARK: Survival Evolved,346110,2022-04-01,46642.82,83133,steamcharts,,,,,
ARK: Survival Evolved,346110,2022-05-01,44795.39,75922,steamcharts,,,,,
ARK: Survival Evolved,346110,2022-06-01,97224.1,247292,steamcharts,,,,,
ARK: Survival Evolved,346110,2022-07-01,86926.77,149693,steamcharts,,,,,
ARK: Survival Evolved,346110,2022-08-01,56890.49,96148,steamcharts,,,,,
ARK: Survival Evolved,346110,2022-09-01,45744.31,77774,steamcharts,,,,,
ARK: Survival Evolved,346110,2022-10-01,45094.28,76139,steamcharts,,,,,
ARK: Survival Evolved,346110,2022-11-01,47157.61,81482,steamcharts,,,,,
ARK: Survival Evolved,346110,2022-12-01,54575.73,87058,steamcharts,,,,,
ARK: Survival Evolved,346110,2023-01-01,59718.1,94570,steamcharts,,,,,
ARK: Survival Evolved,346110,2023-02-01,49562.02,83672,steamcharts,,,,,
ARK: Survival Evolved,346110,2023-03-01,43346.57,75697,steamcharts,,,,,
ARK: Survival Evolved,346110,2023-04-01,44972.3,73447,steamcharts,,,,,
ARK: Survival Evolved,346110,2023-05-01,42502.72,69526,steamcharts,,,,,
ARK: Survival Evolved,346110,2023-06-01,44076.76,70615,steamcharts,,,,,
ARK: Survival Evolved,346110,2023-07-01,48257.14,72446,steamcharts,,,,,
ARK: Survival Evolved,346110,2023-08-01,41530.79,66034,steamcharts,,,,,
ARK: Survival Evolved,346110,2023-09-01,36107.41,61055,steamcharts,,,,,
ARK: Survival Evolved,346110,2023-10-01,41346.18,75908,steamcharts,,,,,
ARK: Survival Evolved,346110,2023-11-01,34099.66,65068,steamcharts,,,,,
ARK: Survival Evolved,346110,2023-12-01,26026.29,45768,steamcharts,,,,,
ARK: Survival Evolved,346110,2024-01-01,25219.23,41787,steamcharts,,,,,
ARK: Survival Evolved,346110,2024-02-01,21550.53,37022,steamcharts,,,,,
ARK: Survival Evolved,346110,2024-03-01,21597.9,36713,steamcharts,,,,,
ARK: Survival Evolved,346110,2024-04-01,22072.68,38737,steamcharts,,,,,
ARK: Survival Evolved,346110,2024-05-01,21754.11,38243,steamcharts,,,,,
ARK: Survival Evolved,346110,2024-06-01,23631.25,39597,steamcharts,,,,,
ARK: Survival Evolved,346110,2024-07-01,24129.75,40559,steamcharts,,,,,
ARK: Survival Evolved,346110,2024-08-01,25015.83,41497,steamcharts,,,,,
ARK: Survival Evolved,346110,2024-09-01,21970.18,39578,steamcharts,,,,,
ARK: Survival Evolved,346110,2024-10-01,22091.35,39316,steamcharts,,,,,
ARK: Survival Evolved,346110,2024-11-01,22908.73,40477,steamcharts,,,,,
ARK: Survival Evolved,346110,2024-12-01,24609.4,40688,steamcharts,,,,,
ARK: Survival Evolved,346110,2025-01-01,26843.72,43631,steamcharts,,,,,
ARK: Survival Evolved,346110,2025-02-01,25759.44,43024,steamcharts,,,,,
ARK: Survival Evolved,346110,2025-03-01,24287.83,40602,steamcharts,,,,,
ARK: Survival Evolved,346110,2025-04-01,22275.51,39713,steamcharts,,,,,
ARK: Survival Evolved,346110,2025-05-01,23453.42,41042,steamcharts,,,,,
ARK: Survival Evolved,346110,2025-06-01,32486.34,65286,steamcharts,,,,,
ARK: Survival Evolved,346110,2025-07-01,24574.66,42828,steamcharts,,,,,
ARK: Survival Evolved,346110,2025-08-01,20795.13,37007,steamcharts,,,,,
ARK: Survival Evolved,346110,2025-09-01,16308.7,29726,steamcharts,,,,,
ARK: Survival Evolved,346110,2025-10-01,17896.71,33664,steamcharts,,,,,
ARK: Survival Evolved,346110,2025-11-01,17549.89,30335,steamcharts,,,,,
ARK: Survival Evolved,346110,2025-12-01,19015.8,34047,steamcharts,,,,,
ARK: Survival Evolved,346110,2026-01-01,21942.48,37546,steamcharts,,,,,
ARK: Survival Evolved,346110,2026-02-01,20502.94,35363,steamcharts,,,,,
ARK: Survival Evolved,346110,2026-03-01,19250.79,35280,steamcharts,,,,,
ARK: Survival Evolved,346110,2026-04-01,17492.73,31542,steamcharts,,,,,
Apex Legends,1172470,2020-11-01,74957.26,117193,steamcharts,,,,,
Apex Legends,1172470,2020-12-01,64469.75,112076,steamcharts,,,,,
Apex Legends,1172470,2021-01-01,71766.74,129928,steamcharts,,,,,
Apex Legends,1172470,2021-02-01,120982.64,196799,steamcharts,,,,,
Apex Legends,1172470,2021-03-01,126121.06,228439,steamcharts,,,,,
Apex Legends,1172470,2021-04-01,124905.13,217728,steamcharts,,,,,
Apex Legends,1172470,2021-05-01,164238.01,330879,steamcharts,,,,,
Apex Legends,1172470,2021-06-01,136439.9,266591,steamcharts,,,,,
Apex Legends,1172470,2021-07-01,131151.07,262129,steamcharts,,,,,
Apex Legends,1172470,2021-08-01,169528.17,330476,steamcharts,,,,,
Apex Legends,1172470,2021-09-01,139647.96,273617,steamcharts,,,,,
Apex Legends,1172470,2021-10-01,128529.43,248669,steamcharts,,,,,
Apex Legends,1172470,2021-11-01,136245.89,318330,steamcharts,,,,,
Apex Legends,1172470,2021-12-01,122108.27,242823,steamcharts,,,,,
Apex Legends,1172470,2022-01-01,145582.94,264287,steamcharts,,,,,
Apex Legends,1172470,2022-02-01,203653.75,392998,steamcharts,,,,,
Apex Legends,1172470,2022-03-01,183596.68,353623,steamcharts,,,,,
Apex Legends,1172470,2022-04-01,192598.51,370651,steamcharts,,,,,
Apex Legends,1172470,2022-05-01,195551.63,411183,steamcharts,,,,,
Apex Legends,1172470,2022-06-01,177736.44,352659,steamcharts,,,,,
Apex Legends,1172470,2022-07-01,183161.31,347314,steamcharts,,,,,
Apex Legends,1172470,2022-08-01,230432.87,510286,steamcharts,,,,,
Apex Legends,1172470,2022-09-01,221826.62,497242,steamcharts,,,,,
Apex Legends,1172470,2022-10-01,172176.67,386994,steamcharts,,,,,
Apex Legends,1172470,2022-11-01,172345.48,403157,steamcharts,,,,,
Apex Legends,1172470,2022-12-01,170882.73,411891,steamcharts,,,,,
Apex Legends,1172470,2023-01-01,197969.02,413670,steamcharts,,,,,
Apex Legends,1172470,2023-02-01,257416.67,624473,steamcharts,,,,,
Apex Legends,1172470,2023-03-01,255792.2,603290,steamcharts,,,,,
Apex Legends,1172470,2023-04-01,222749.48,562634,steamcharts,,,,,
Apex Legends,1172470,2023-05-01,227947.44,584294,steamcharts,,,,,
Apex Legends,1172470,2023-06-01,189101.02,446463,steamcharts,,,,,
Apex Legends,1172470,2023-07-01,166199.09,349762,steamcharts,,,,,
Apex Legends,1172470,2023-08-01,188891.82,451223,steamcharts,,,,,
Apex Legends,1172470,2023-09-01,186494.41,452991,steamcharts,,,,,
Apex Legends,1172470,2023-10-01,181420.4,435229,steamcharts,,,,,
Apex Legends,1172470,2023-11-01,167295.65,438349,steamcharts,,,,,
Apex Legends,1172470,2023-12-01,144447.76,348791,steamcharts,,,,,
Apex Legends,1172470,2024-01-01,146164.19,344621,steamcharts,,,,,
Apex Legends,1172470,2024-02-01,185661.61,469431,steamcharts,,,,,
Apex Legends,1172470,2024-03-01,189218.54,463933,steamcharts,,,,,
Apex Legends,1172470,2024-04-01,166767.82,430800,steamcharts,,,,,
Apex Legends,1172470,2024-05-01,167424.45,425742,steamcharts,,,,,
Apex Legends,1172470,2024-06-01,139736.43,326928,steamcharts,,,,,
Apex Legends,1172470,2024-07-01,116747.21,265369,steamcharts,,,,,
Apex Legends,1172470,2024-08-01,120008.56,314327,steamcharts,,,,,
Apex Legends,1172470,2024-09-01,107227.3,249334,steamcharts,,,,,
Apex Legends,1172470,2024-10-01,85102.53,184035,steamcharts,,,,,
Apex Legends,1172470,2024-11-01,91362.07,225795,steamcharts,,,,,
Apex Legends,1172470,2024-12-01,74196.38,174720,steamcharts,,,,,
Apex Legends,1172470,2025-01-01,69580.22,153693,steamcharts,,,,,
Apex Legends,1172470,2025-02-01,95099.47,225810,steamcharts,,,,,
Apex Legends,1172470,2025-03-01,90276.4,185193,steamcharts,,,,,
Apex Legends,1172470,2025-04-01,106840.8,199349,steamcharts,,,,,
Apex Legends,1172470,2025-05-01,134646.62,262219,steamcharts,,,,,
Apex Legends,1172470,2025-06-01,106933.93,250796,steamcharts,,,,,
Apex Legends,1172470,2025-07-01,90567.12,209736,steamcharts,,,,,
Apex Legends,1172470,2025-08-01,101672.5,248781,steamcharts,,,,,
Apex Legends,1172470,2025-09-01,83772.59,199203,steamcharts,,,,,
Apex Legends,1172470,2025-10-01,73654.11,181156,steamcharts,,,,,
Apex Legends,1172470,2025-11-01,89983.17,229804,steamcharts,,,,,
Apex Legends,1172470,2025-12-01,78780.9,191112,steamcharts,,,,,
Apex Legends,1172470,2026-01-01,86432.72,206450,steamcharts,,,,,
Apex Legends,1172470,2026-02-01,88899.87,203439,steamcharts,,,,,
Apex Legends,1172470,2026-03-01,111603.39,287202,steamcharts,,,,,
Apex Legends,1172470,2026-04-01,124387.18,301520,steamcharts,,,,,
Battlefield 2042,1517290,2021-11-01,51299.36,100590,steamcharts,,,,,
Battlefield 2042,1517290,2021-12-01,20075.16,47367,steamcharts,,,,,
Battlefield 2042,1517290,2022-01-01,7833.31,17448,steamcharts,,,,,
Battlefield 2042,1517290,2022-02-01,3008.6,5610,steamcharts,,,,,
Battlefield 2042,1517290,2022-03-01,2003.52,3241,steamcharts,,,,,
Battlefield 2042,1517290,2022-04-01,2108.47,4461,steamcharts,,,,,
Battlefield 2042,1517290,2022-05-01,1944.98,3528,steamcharts,,,,,
Battlefield 2042,1517290,2022-06-01,6350.38,14989,steamcharts,,,,,
Battlefield 2042,1517290,2022-07-01,4893.53,8128,steamcharts,,,,,
Battlefield 2042,1517290,2022-08-01,4969.61,16856,steamcharts,,,,,
Battlefield 2042,1517290,2022-09-01,6944.6,12968,steamcharts,,,,,
Battlefield 2042,1517290,2022-10-01,5274.21,11272,steamcharts,,,,,
Battlefield 2042,1517290,2022-11-01,5333.99,17885,steamcharts,,,,,
Battlefield 2042,1517290,2022-12-01,10159.26,36424,steamcharts,,,,,
Battlefield 2042,1517290,2023-01-01,6904.07,15697,steamcharts,,,,,
Battlefield 2042,1517290,2023-02-01,7634.21,18363,steamcharts,,,,,
Battlefield 2042,1517290,2023-03-01,11111.45,24293,steamcharts,,,,,
Battlefield 2042,1517290,2023-04-01,8506.7,18847,steamcharts,,,,,
Battlefield 2042,1517290,2023-05-01,7820.83,18899,steamcharts,,,,,
Battlefield 2042,1517290,2023-06-01,8118.59,21825,steamcharts,,,,,
Battlefield 2042,1517290,2023-07-01,8226.99,15261,steamcharts,,,,,
Battlefield 2042,1517290,2023-08-01,6456.1,13086,steamcharts,,,,,
Battlefield 2042,1517290,2023-09-01,5182.41,11843,steamcharts,,,,,
Battlefield 2042,1517290,2023-10-01,27052.46,107006,steamcharts,,,,,
Battlefield 2042,1517290,2023-11-01,20645.34,55041,steamcharts,,,,,
Battlefield 2042,1517290,2023-12-01,14998.99,48831,steamcharts,,,,,
Battlefield 2042,1517290,2024-01-01,10938.5,25192,steamcharts,,,,,
Battlefield 2042,1517290,2024-02-01,10353.75,20608,steamcharts,,,,,
Battlefield 2042,1517290,2024-03-01,13892.19,43541,steamcharts,,,,,
Battlefield 2042,1517290,2024-04-01,10660.93,28104,steamcharts,,,,,
Battlefield 2042,1517290,2024-05-01,10246.62,22052,steamcharts,,,,,
Battlefield 2042,1517290,2024-06-01,7686.83,24090,steamcharts,,,,,
Battlefield 2042,1517290,2024-07-01,12112.68,27436,steamcharts,,,,,
Battlefield 2042,1517290,2024-08-01,8953.29,18601,steamcharts,,,,,
Battlefield 2042,1517290,2024-09-01,7017.63,15484,steamcharts,,,,,
Battlefield 2042,1517290,2024-10-01,7021.97,28061,steamcharts,,,,,
Battlefield 2042,1517290,2024-11-01,13817.87,34494,steamcharts,,,,,
Battlefield 2042,1517290,2024-12-01,9203.39,20652,steamcharts,,,,,
Battlefield 2042,1517290,2025-01-01,7253.36,14451,steamcharts,,,,,
Battlefield 2042,1517290,2025-02-01,6474.38,12584,steamcharts,,,,,
Battlefield 2042,1517290,2025-03-01,7133.32,17158,steamcharts,,,,,
Battlefield 2042,1517290,2025-04-01,5281.45,10970,steamcharts,,,,,
Battlefield 2042,1517290,2025-05-01,5895.2,12499,steamcharts,,,,,
Battlefield 2042,1517290,2025-06-01,4377.35,10083,steamcharts,,,,,
Battlefield 2042,1517290,2025-07-01,5481.23,10158,steamcharts,,,,,
Battlefield 2042,1517290,2025-08-01,21253.6,74280,steamcharts,,,,,
Battlefield 2042,1517290,2025-09-01,21077.33,55781,steamcharts,,,,,
Battlefield 2042,1517290,2025-10-01,5093.87,17991,steamcharts,,,,,
Battlefield 2042,1517290,2025-11-01,1949.14,4525,steamcharts,,,,,
Battlefield 2042,1517290,2025-12-01,1362.23,2687,steamcharts,,,,,
Battlefield 2042,1517290,2026-01-01,1195.97,2221,steamcharts,,,,,
Battlefield 2042,1517290,2026-02-01,1076.22,2086,steamcharts,,,,,
Battlefield 2042,1517290,2026-03-01,1918.99,5886,steamcharts,,,,,
Battlefield 2042,1517290,2026-04-01,1397.87,3159,steamcharts,,,,,
Dota 2,570,2012-07-01,52721.05,75041,steamcharts,,,,,
Dota 2,570,2012-08-01,55768.61,108689,steamcharts,,,,,
Dota 2,570,2012-09-01,61867.68,118724,steamcharts,,,,,
Dota 2,570,2012-10-01,75965.44,171860,steamcharts,,,,,
Dota 2,570,2012-11-01,101077.43,169631,steamcharts,,,,,
Dota 2,570,2012-12-01,121924.42,213521,steamcharts,,,,,
Dota 2,570,2013-01-01,147748.14,260989,steamcharts,,,,,
Dota 2,570,2013-02-01,166972.97,283870,steamcharts,,,,,
Dota 2,570,2013-03-01,180878.9,325598,steamcharts,,,,,
Dota 2,570,2013-04-01,174835.73,299667,steamcharts,,,,,
Dota 2,570,2013-05-01,194363.84,325815,steamcharts,,,,,
Dota 2,570,2013-06-01,210224.82,326160,steamcharts,,,,,
Dota 2,570,2013-07-01,237800.08,422617,steamcharts,,,,,
Dota 2,570,2013-08-01,330720.07,520532,steamcharts,,,,,
Dota 2,570,2013-09-01,312424.76,566715,steamcharts,,,,,
Dota 2,570,2013-10-01,329677.64,581615,steamcharts,,,,,
Dota 2,570,2013-11-01,348246.37,702792,steamcharts,,,,,
Dota 2,570,2013-12-01,366606.49,685503,steamcharts,,,,,
Dota 2,570,2014-01-01,393860.32,673496,steamcharts,,,,,
Dota 2,570,2014-02-01,421114.2,738682,steamcharts,,,,,
Dota 2,570,2014-03-01,409755.56,698197,steamcharts,,,,,
Dota 2,570,2014-04-01,421710.21,734998,steamcharts,,,,,
Dota 2,570,2014-05-01,482387.24,843024,steamcharts,,,,,
Dota 2,570,2014-06-01,513783.06,833145,steamcharts,,,,,
Dota 2,570,2014-07-01,537018.66,874975,steamcharts,,,,,
Dota 2,570,2014-08-01,490883.89,774319,steamcharts,,,,,
Dota 2,570,2014-09-01,477998.45,864261,steamcharts,,,,,
Dota 2,570,2014-10-01,495693.04,880655,steamcharts,,,,,
Dota 2,570,2014-11-01,528789.8,963810,steamcharts,,,,,
Dota 2,570,2014-12-01,523940.32,936583,steamcharts,,,,,
Dota 2,570,2015-01-01,558504.33,961737,steamcharts,,,,,
Dota 2,570,2015-02-01,628970.41,1262612,steamcharts,,,,,
Dota 2,570,2015-03-01,571713.15,1213940,steamcharts,,,,,
Dota 2,570,2015-04-01,526061.73,929677,steamcharts,,,,,
Dota 2,570,2015-05-01,580348.42,967674,steamcharts,,,,,
Dota 2,570,2015-06-01,568448.32,913997,steamcharts,,,,,
Dota 2,570,2015-07-01,554991.01,877264,steamcharts,,,,,
Dota 2,570,2015-08-01,606943.98,933942,steamcharts,,,,,
Dota 2,570,2015-09-01,508156.85,888728,steamcharts,,,,,
Dota 2,570,2015-10-01,521941.72,917306,steamcharts,,,,,
Dota 2,570,2015-11-01,539536.33,943635,steamcharts,,,,,
Dota 2,570,2015-12-01,573344.25,999452,steamcharts,,,,,
Dota 2,570,2016-01-01,612174.78,1067949,steamcharts,,,,,
Dota 2,570,2016-02-01,709178.26,1248394,steamcharts,,,,,
Dota 2,570,2016-03-01,672554.89,1291328,steamcharts,,,,,
Dota 2,570,2016-04-01,656944.37,1164041,steamcharts,,,,,
Dota 2,570,2016-05-01,623798.67,1075307,steamcharts,,,,,
Dota 2,570,2016-06-01,640226.98,1095994,steamcharts,,,,,
Dota 2,570,2016-07-01,638212.65,1084198,steamcharts,,,,,
Dota 2,570,2016-08-01,666013.05,1117519,steamcharts,,,,,
Dota 2,570,2016-09-01,622583.9,1064377,steamcharts,,,,,
Dota 2,570,2016-10-01,639355.14,1141191,steamcharts,,,,,
Dota 2,570,2016-11-01,584251.33,1007270,steamcharts,,,,,
Dota 2,570,2016-12-01,593920.6,1014671,steamcharts,,,,,
Dota 2,570,2017-01-01,580281.47,1007451,steamcharts,,,,,
Dota 2,570,2017-02-01,591567.25,1040877,steamcharts,,,,,
Dota 2,570,2017-03-01,548435.44,956232,steamcharts,,,,,
Dota 2,570,2017-04-01,540278.03,921318,steamcharts,,,,,
Dota 2,570,2017-05-01,567526.42,972876,steamcharts,,,,,
Dota 2,570,2017-06-01,555289.07,923122,steamcharts,,,,,
Dota 2,570,2017-07-01,498444.38,824297,steamcharts,,,,,
Dota 2,570,2017-08-01,556496.3,876395,steamcharts,,,,,
Dota 2,570,2017-09-01,491450.16,829555,steamcharts,,,,,
Dota 2,570,2017-10-01,466126.79,832550,steamcharts,,,,,
Dota 2,570,2017-11-01,487381.24,861173,steamcharts,,,,,
Dota 2,570,2017-12-01,513074.33,864939,steamcharts,,,,,
Dota 2,570,2018-01-01,486861.91,778627,steamcharts,,,,,
Dota 2,570,2018-02-01,438847.72,779299,steamcharts,,,,,
Dota 2,570,2018-03-01,437262.35,773897,steamcharts,,,,,
Dota 2,570,2018-04-01,430340.94,733214,steamcharts,,,,,
Dota 2,570,2018-05-01,474325.87,844713,steamcharts,,,,,
Dota 2,570,2018-06-01,473900.0,796886,steamcharts,,,,,
Dota 2,570,2018-07-01,441714.35,701582,steamcharts,,,,,
Dota 2,570,2018-08-01,476101.08,829281,steamcharts,,,,,
Dota 2,570,2018-09-01,466470.74,826166,steamcharts,,,,,
Dota 2,570,2018-10-01,431173.91,739643,steamcharts,,,,,
Dota 2,570,2018-11-01,461073.48,826053,steamcharts,,,,,
Dota 2,570,2018-12-01,439367.83,765422,steamcharts,,,,,
Dota 2,570,2019-01-01,475747.0,874888,steamcharts,,,,,
Dota 2,570,2019-02-01,564909.67,964921,steamcharts,,,,,
Dota 2,570,2019-03-01,586505.85,1033925,steamcharts,,,,,
Dota 2,570,2019-04-01,520218.98,971545,steamcharts,,,,,
Dota 2,570,2019-05-01,548523.18,997341,steamcharts,,,,,
Dota 2,570,2019-06-01,507528.44,865374,steamcharts,,,,,
Dota 2,570,2019-07-01,464787.61,779160,steamcharts,,,,,
Dota 2,570,2019-08-01,467148.29,826690,steamcharts,,,,,
Dota 2,570,2019-09-01,421971.24,753996,steamcharts,,,,,
Dota 2,570,2019-10-01,388355.86,739924,steamcharts,,,,,
Dota 2,570,2019-11-01,401931.8,708517,steamcharts,,,,,
Dota 2,570,2019-12-01,384179.76,685165,steamcharts,,,,,
Dota 2,570,2020-01-01,378925.43,616415,steamcharts,,,,,
Dota 2,570,2020-02-01,405978.65,663812,steamcharts,,,,,
Dota 2,570,2020-03-01,437147.36,743933,steamcharts,,,,,
Dota 2,570,2020-04-01,493300.27,801121,steamcharts,,,,,
Dota 2,570,2020-05-01,484189.02,793135,steamcharts,,,,,
Dota 2,570,2020-06-01,457184.42,733294,steamcharts,,,,,
Dota 2,570,2020-07-01,450213.99,712610,steamcharts,,,,,
Dota 2,570,2020-08-01,429717.12,666138,steamcharts,,,,,
Dota 2,570,2020-09-01,408609.78,670547,steamcharts,,,,,
Dota 2,570,2020-10-01,406361.36,723280,steamcharts,,,,,
Dota 2,570,2020-11-01,425904.83,711824,steamcharts,,,,,
Dota 2,570,2020-12-01,422552.32,697833,steamcharts,,,,,
Dota 2,570,2021-01-01,432671.65,694613,steamcharts,,,,,
Dota 2,570,2021-02-01,404832.13,651615,steamcharts,,,,,
Dota 2,570,2021-03-01,390412.76,648875,steamcharts,,,,,
Dota 2,570,2021-04-01,413784.97,705534,steamcharts,,,,,
Dota 2,570,2021-05-01,415144.96,672307,steamcharts,,,,,
Dota 2,570,2021-06-01,421509.96,734277,steamcharts,,,,,
Dota 2,570,2021-07-01,423156.18,707406,steamcharts,,,,,
Dota 2,570,2021-08-01,424980.17,699613,steamcharts,,,,,
Dota 2,570,2021-09-01,391082.08,666838,steamcharts,,,,,
Dota 2,570,2021-10-01,450761.44,752482,steamcharts,,,,,
Dota 2,570,2021-11-01,448860.53,747506,steamcharts,,,,,
Dota 2,570,2021-12-01,449297.37,756170,steamcharts,,,,,
Dota 2,570,2022-01-01,485791.43,786118,steamcharts,,,,,
Dota 2,570,2022-02-01,450200.14,725851,steamcharts,,,,,
Dota 2,570,2022-03-01,448723.6,740784,steamcharts,,,,,
Dota 2,570,2022-04-01,451826.77,730168,steamcharts,,,,,
Dota 2,570,2022-05-01,446916.9,691586,steamcharts,,,,,
Dota 2,570,2022-06-01,458143.51,699592,steamcharts,,,,,
Dota 2,570,2022-07-01,444594.56,684842,steamcharts,,,,,
Dota 2,570,2022-08-01,468466.87,747231,steamcharts,,,,,
Dota 2,570,2022-09-01,490724.86,867484,steamcharts,,,,,
Dota 2,570,2022-10-01,456302.65,1038848,steamcharts,,,,,
Dota 2,570,2022-11-01,523684.06,990057,steamcharts,,,,,
Dota 2,570,2022-12-01,468545.02,827395,steamcharts,,,,,
Dota 2,570,2023-01-01,428296.61,764490,steamcharts,,,,,
Dota 2,570,2023-02-01,401847.04,680746,steamcharts,,,,,
Dota 2,570,2023-03-01,418744.49,752617,steamcharts,,,,,
Dota 2,570,2023-04-01,429226.47,809580,steamcharts,,,,,
Dota 2,570,2023-05-01,433220.69,711816,steamcharts,,,,,
Dota 2,570,2023-06-01,421336.42,679525,steamcharts,,,,,
Dota 2,570,2023-07-01,438510.22,702381,steamcharts,,,,,
Dota 2,570,2023-08-01,444319.24,855495,steamcharts,,,,,
Dota 2,570,2023-09-01,437273.4,777466,steamcharts,,,,,
Dota 2,570,2023-10-01,435620.98,780443,steamcharts,,,,,
Dota 2,570,2023-11-01,433727.63,767353,steamcharts,,,,,
Dota 2,570,2023-12-01,435517.65,802728,steamcharts,,,,,
Dota 2,570,2024-01-01,440229.36,736488,steamcharts,,,,,
Dota 2,570,2024-02-01,427922.41,741290,steamcharts,,,,,
Dota 2,570,2024-03-01,428918.55,729865,steamcharts,,,,,
Dota 2,570,2024-04-01,456550.81,921133,steamcharts,,,,,
Dota 2,570,2024-05-01,512919.2,943059,steamcharts,,,,,
Dota 2,570,2024-06-01,486674.34,869492,steamcharts,,,,,
Dota 2,570,2024-07-01,475393.65,801126,steamcharts,,,,,
Dota 2,570,2024-08-01,449798.09,734381,steamcharts,,,,,
Dota 2,570,2024-09-01,426811.67,726385,steamcharts,,,,,
Dota 2,570,2024-10-01,410681.51,706726,steamcharts,,,,,
Dota 2,570,2024-11-01,454956.21,797599,steamcharts,,,,,
Dota 2,570,2024-12-01,437635.69,744163,steamcharts,,,,,
Dota 2,570,2025-01-01,446491.16,719825,steamcharts,,,,,
Dota 2,570,2025-02-01,431748.69,708043,steamcharts,,,,,
Dota 2,570,2025-03-01,402851.23,656279,steamcharts,,,,,
Dota 2,570,2025-04-01,393173.22,630716,steamcharts,,,,,
Dota 2,570,2025-05-01,408987.68,657074,steamcharts,,,,,
Dota 2,570,2025-06-01,411123.31,650259,steamcharts,,,,,
Dota 2,570,2025-07-01,426672.67,657349,steamcharts,,,,,
Dota 2,570,2025-08-01,532355.19,818732,steamcharts,,,,,
Dota 2,570,2025-09-01,580820.63,953869,steamcharts,,,,,
Dota 2,570,2025-10-01,538998.03,858940,steamcharts,,,,,
Dota 2,570,2025-11-01,583743.77,903303,steamcharts,,,,,
Dota 2,570,2025-12-01,594289.94,903542,steamcharts,,,,,
Dota 2,570,2026-01-01,569324.18,855690,steamcharts,,,,,
Dota 2,570,2026-02-01,597009.82,869734,steamcharts,,,,,
Dota 2,570,2026-03-01,477855.57,859016,steamcharts,,,,,
Dota 2,570,2026-04-01,425918.58,695006,steamcharts,,,,,
New World,1063730,2021-10-01,410170.71,913027,steamcharts,,,,,
New World,1063730,2021-11-01,155169.01,357188,steamcharts,,,,,
New World,1063730,2021-12-01,83175.96,145038,steamcharts,,,,,
New World,1063730,2022-01-01,65106.82,117042,steamcharts,,,,,
New World,1063730,2022-02-01,32387.84,67943,steamcharts,,,,,
New World,1063730,2022-03-01,21039.39,34098,steamcharts,,,,,
New World,1063730,2022-04-01,21802.14,37734,steamcharts,,,,,
New World,1063730,2022-05-01,16575.47,28373,steamcharts,,,,,
New World,1063730,2022-06-01,13615.35,22565,steamcharts,,,,,
New World,1063730,2022-07-01,13298.85,26604,steamcharts,,,,,
New World,1063730,2022-08-01,16504.01,25505,steamcharts,,,,,
New World,1063730,2022-09-01,25269.19,45745,steamcharts,,,,,
New World,1063730,2022-10-01,34743.96,69605,steamcharts,,,,,
New World,1063730,2022-11-01,67758.63,137755,steamcharts,,,,,
New World,1063730,2022-12-01,41772.17,73970,steamcharts,,,,,
New World,1063730,2023-01-01,28509.0,49914,steamcharts,,,,,
New World,1063730,2023-02-01,19073.19,32988,steamcharts,,,,,
New World,1063730,2023-03-01,14959.92,24140,steamcharts,,,,,
New World,1063730,2023-04-01,16910.26,28227,steamcharts,,,,,
New World,1063730,2023-05-01,14328.13,23468,steamcharts,,,,,
New World,1063730,2023-06-01,11352.77,20288,steamcharts,,,,,
New World,1063730,2023-07-01,14827.43,25878,steamcharts,,,,,
New World,1063730,2023-08-01,12044.27,20091,steamcharts,,,,,
New World,1063730,2023-09-01,14023.68,25912,steamcharts,,,,,
New World,1063730,2023-10-01,37395.31,77642,steamcharts,,,,,
New World,1063730,2023-11-01,24532.44,45836,steamcharts,,,,,
New World,1063730,2023-12-01,18224.74,30227,steamcharts,,,,,
New World,1063730,2024-01-01,16347.25,29121,steamcharts,,,,,
New World,1063730,2024-02-01,10657.82,17532,steamcharts,,,,,
New World,1063730,2024-03-01,9129.22,14400,steamcharts,,,,,
New World,1063730,2024-04-01,7717.73,13046,steamcharts,,,,,
New World,1063730,2024-05-01,6181.73,9783,steamcharts,,,,,
New World,1063730,2024-06-01,5073.51,8466,steamcharts,,,,,
New World,1063730,2024-07-01,3640.92,6208,steamcharts,,,,,
New World,1063730,2024-08-01,3285.53,5095,steamcharts,,,,,
New World,1063730,2024-09-01,4326.23,8711,steamcharts,,,,,
New World,1063730,2024-10-01,20523.36,61364,steamcharts,,,,,
New World,1063730,2024-11-01,22227.53,44245,steamcharts,,,,,
New World,1063730,2024-12-01,12453.1,25111,steamcharts,,,,,
New World,1063730,2025-01-01,10042.66,17046,steamcharts,,,,,
New World,1063730,2025-02-01,8720.19,14588,steamcharts,,,,,
New World,1063730,2025-03-01,6882.99,11570,steamcharts,,,,,
New World,1063730,2025-04-01,5593.51,8509,steamcharts,,,,,
New World,1063730,2025-05-01,5914.14,9633,steamcharts,,,,,
New World,1063730,2025-06-01,5328.53,9253,steamcharts,,,,,
New World,1063730,2025-07-01,6042.29,10969,steamcharts,,,,,
New World,1063730,2025-08-01,8497.58,13351,steamcharts,,,,,
New World,1063730,2025-09-01,9062.51,17482,steamcharts,,,,,
New World,1063730,2025-10-01,21285.96,50987,steamcharts,,,,,
New World,1063730,2025-11-01,3712.2,9582,steamcharts,,,,,
New World,1063730,2025-12-01,1222.01,2278,steamcharts,,,,,
New World,1063730,2026-01-01,933.55,1703,steamcharts,,,,,
New World,1063730,2026-02-01,738.5,1367,steamcharts,,,,,
New World,1063730,2026-03-01,581.71,1093,steamcharts,,,,,
New World,1063730,2026-04-01,579.27,975,steamcharts,,,,,
PUBG: BATTLEGROUNDS,578080,2017-03-01,17551.14,67846,steamcharts,,,,,
PUBG: BATTLEGROUNDS,578080,2017-04-01,69794.98,140104,steamcharts,,,,,
PUBG: BATTLEGROUNDS,578080,2017-05-01,107441.6,189456,steamcharts,,,,,
PUBG: BATTLEGROUNDS,578080,2017-06-01,139902.24,267194,steamcharts,,,,,
PUBG: BATTLEGROUNDS,578080,2017-07-01,229701.7,481291,steamcharts,,,,,
PUBG: BATTLEGROUNDS,578080,2017-08-01,389527.42,874171,steamcharts,,,,,
PUBG: BATTLEGROUNDS,578080,2017-09-01,660192.74,1550463,steamcharts,,,,,
PUBG: BATTLEGROUNDS,578080,2017-10-01,1086638.87,2390946,steamcharts,,,,,
PUBG: BATTLEGROUNDS,578080,2017-11-01,1334170.09,2915723,steamcharts,,,,,
PUBG: BATTLEGROUNDS,578080,2017-12-01,1436158.51,3080769,steamcharts,,,,,
PUBG: BATTLEGROUNDS,578080,2018-01-01,1584886.77,3236027,steamcharts,,,,,
PUBG: BATTLEGROUNDS,578080,2018-02-01,1391015.3,2934761,steamcharts,,,,,
PUBG: BATTLEGROUNDS,578080,2018-03-01,1295408.59,2799269,steamcharts,,,,,
PUBG: BATTLEGROUNDS,578080,2018-04-01,1107181.8,2456361,steamcharts,,,,,
PUBG: BATTLEGROUNDS,578080,2018-05-01,876180.64,2175704,steamcharts,,,,,
PUBG: BATTLEGROUNDS,578080,2018-06-01,800668.23,1750216,steamcharts,,,,,
PUBG: BATTLEGROUNDS,578080,2018-07-01,688620.42,1350463,steamcharts,,,,,
PUBG: BATTLEGROUNDS,578080,2018-08-01,619320.48,1260894,steamcharts,,,,,
PUBG: BATTLEGROUNDS,578080,2018-09-01,542607.05,1125229,steamcharts,,,,,
PUBG: BATTLEGROUNDS,578080,2018-10-01,469141.74,1048662,steamcharts,,,,,
PUBG: BATTLEGROUNDS,578080,2018-11-01,418159.48,895650,steamcharts,,,,,
PUBG: BATTLEGROUNDS,578080,2018-12-01,473541.26,1109766,steamcharts,,,,,
PUBG: BATTLEGROUNDS,578080,2019-01-01,497803.25,1084606,steamcharts,,,,,
PUBG: BATTLEGROUNDS,578080,2019-02-01,437959.1,931754,steamcharts,,,,,
PUBG: BATTLEGROUNDS,578080,2019-03-01,417812.51,931407,steamcharts,,,,,
PUBG: BATTLEGROUNDS,578080,2019-04-01,390100.9,886255,steamcharts,,,,,
PUBG: BATTLEGROUNDS,578080,2019-05-01,385840.59,817595,steamcharts,,,,,
PUBG: BATTLEGROUNDS,578080,2019-06-01,363083.37,745960,steamcharts,,,,,
PUBG: BATTLEGROUNDS,578080,2019-07-01,352888.88,745224,steamcharts,,,,,
PUBG: BATTLEGROUNDS,578080,2019-08-01,358530.96,750941,steamcharts,,,,,
PUBG: BATTLEGROUNDS,578080,2019-09-01,311444.31,660864,steamcharts,,,,,
PUBG: BATTLEGROUNDS,578080,2019-10-01,287133.41,637870,steamcharts,,,,,
PUBG: BATTLEGROUNDS,578080,2019-11-01,305659.39,695920,steamcharts,,,,,
PUBG: BATTLEGROUNDS,578080,2019-12-01,308445.45,686239,steamcharts,,,,,
PUBG: BATTLEGROUNDS,578080,2020-01-01,275363.04,645414,steamcharts,,,,,
PUBG: BATTLEGROUNDS,578080,2020-02-01,257584.32,606689,steamcharts,,,,,
PUBG: BATTLEGROUNDS,578080,2020-03-01,228467.17,562028,steamcharts,,,,,
PUBG: BATTLEGROUNDS,578080,2020-04-01,242847.28,913075,steamcharts,,,,,
PUBG: BATTLEGROUNDS,578080,2020-05-01,243258.78,553121,steamcharts,,,,,
PUBG: BATTLEGROUNDS,578080,2020-06-01,230329.74,546359,steamcharts,,,,,
PUBG: BATTLEGROUNDS,578080,2020-07-01,211700.3,469568,steamcharts,,,,,
PUBG: BATTLEGROUNDS,578080,2020-08-01,192492.61,443390,steamcharts,,,,,
PUBG: BATTLEGROUNDS,578080,2020-09-01,169093.71,403693,steamcharts,,,,,
PUBG: BATTLEGROUNDS,578080,2020-10-01,162585.64,381079,steamcharts,,,,,
PUBG: BATTLEGROUNDS,578080,2020-11-01,179520.26,438919,steamcharts,,,,,
PUBG: BATTLEGROUNDS,578080,2020-12-01,189233.58,444680,steamcharts,,,,,
PUBG: BATTLEGROUNDS,578080,2021-01-01,201247.19,451998,steamcharts,,,,,
PUBG: BATTLEGROUNDS,578080,2021-02-01,198957.52,447390,steamcharts,,,,,
PUBG: BATTLEGROUNDS,578080,2021-03-01,193114.18,464480,steamcharts,,,,,
PUBG: BATTLEGROUNDS,578080,2021-04-01,186110.65,453579,steamcharts,,,,,
PUBG: BATTLEGROUNDS,578080,2021-05-01,184701.21,419509,steamcharts,,,,,
PUBG: BATTLEGROUNDS,578080,2021-06-01,179338.27,427913,steamcharts,,,,,
PUBG: BATTLEGROUNDS,578080,2021-07-01,186249.97,413274,steamcharts,,,,,
PUBG: BATTLEGROUNDS,578080,2021-08-01,184828.4,444355,steamcharts,,,,,
PUBG: BATTLEGROUNDS,578080,2021-09-01,167102.12,400709,steamcharts,,,,,
PUBG: BATTLEGROUNDS,578080,2021-10-01,158437.88,393496,steamcharts,,,,,
PUBG: BATTLEGROUNDS,578080,2021-11-01,141261.19,341570,steamcharts,,,,,
PUBG: BATTLEGROUNDS,578080,2021-12-01,153670.81,363839,steamcharts,,,,,
PUBG: BATTLEGROUNDS,578080,2022-01-01,242322.35,696704,steamcharts,,,,,
PUBG: BATTLEGROUNDS,578080,2022-02-01,241174.46,532109,steamcharts,,,,,
PUBG: BATTLEGROUNDS,578080,2022-03-01,226114.89,535587,steamcharts,,,,,
PUBG: BATTLEGROUNDS,578080,2022-04-01,223541.44,527433,steamcharts,,,,,
PUBG: BATTLEGROUNDS,578080,2022-05-01,200854.21,468207,steamcharts,,,,,
PUBG: BATTLEGROUNDS,578080,2022-06-01,181187.81,413426,steamcharts,,,,,
PUBG: BATTLEGROUNDS,578080,2022-07-01,177018.21,391255,steamcharts,,,,,
PUBG: BATTLEGROUNDS,578080,2022-08-01,184372.52,395910,steamcharts,,,,,
PUBG: BATTLEGROUNDS,578080,2022-09-01,195439.04,448410,steamcharts,,,,,
PUBG: BATTLEGROUNDS,578080,2022-10-01,196558.88,440651,steamcharts,,,,,
PUBG: BATTLEGROUNDS,578080,2022-11-01,183919.79,425493,steamcharts,,,,,
PUBG: BATTLEGROUNDS,578080,2022-12-01,212290.36,586384,steamcharts,,,,,
PUBG: BATTLEGROUNDS,578080,2023-01-01,203658.43,465423,steamcharts,,,,,
PUBG: BATTLEGROUNDS,578080,2023-02-01,220871.5,490332,steamcharts,,,,,
PUBG: BATTLEGROUNDS,578080,2023-03-01,203405.11,459344,steamcharts,,,,,
PUBG: BATTLEGROUNDS,578080,2023-04-01,197736.31,444973,steamcharts,,,,,
PUBG: BATTLEGROUNDS,578080,2023-05-01,183498.98,414957,steamcharts,,,,,
PUBG: BATTLEGROUNDS,578080,2023-06-01,164443.43,376727,steamcharts,,,,,
PUBG: BATTLEGROUNDS,578080,2023-07-01,163507.73,356738,steamcharts,,,,,
PUBG: BATTLEGROUNDS,578080,2023-08-01,180372.9,397857,steamcharts,,,,,
PUBG: BATTLEGROUNDS,578080,2023-09-01,181956.39,415099,steamcharts,,,,,
PUBG: BATTLEGROUNDS,578080,2023-10-01,188670.82,444585,steamcharts,,,,,
PUBG: BATTLEGROUNDS,578080,2023-11-01,206208.57,502374,steamcharts,,,,,
PUBG: BATTLEGROUNDS,578080,2023-12-01,247012.55,623852,steamcharts,,,,,
PUBG: BATTLEGROUNDS,578080,2024-01-01,249557.66,587152,steamcharts,,,,,
PUBG: BATTLEGROUNDS,578080,2024-02-01,250314.93,609366,steamcharts,,,,,
PUBG: BATTLEGROUNDS,578080,2024-03-01,281342.08,764034,steamcharts,,,,,
PUBG: BATTLEGROUNDS,578080,2024-04-01,280853.22,699697,steamcharts,,,,,
PUBG: BATTLEGROUNDS,578080,2024-05-01,271364.22,693105,steamcharts,,,,,
PUBG: BATTLEGROUNDS,578080,2024-06-01,287498.52,699256,steamcharts,,,,,
PUBG: BATTLEGROUNDS,578080,2024-07-01,293396.8,700235,steamcharts,,,,,
PUBG: BATTLEGROUNDS,578080,2024-08-01,285247.47,719506,steamcharts,,,,,
PUBG: BATTLEGROUNDS,578080,2024-09-01,298267.38,807515,steamcharts,,,,,
PUBG: BATTLEGROUNDS,578080,2024-10-01,293349.98,762909,steamcharts,,,,,
PUBG: BATTLEGROUNDS,578080,2024-11-01,315613.2,796001,steamcharts,,,,,
PUBG: BATTLEGROUNDS,578080,2024-12-01,321097.93,799077,steamcharts,,,,,
PUBG: BATTLEGROUNDS,578080,2025-01-01,307550.31,786821,steamcharts,,,,,
PUBG: BATTLEGROUNDS,578080,2025-02-01,316776.38,818843,steamcharts,,,,,
PUBG: BATTLEGROUNDS,578080,2025-03-01,345527.34,1329605,steamcharts,,,,,
PUBG: BATTLEGROUNDS,578080,2025-04-01,317441.03,861598,steamcharts,,,,,
PUBG: BATTLEGROUNDS,578080,2025-05-01,305253.18,804674,steamcharts,,,,,
PUBG: BATTLEGROUNDS,578080,2025-06-01,309892.01,778327,steamcharts,,,,,
PUBG: BATTLEGROUNDS,578080,2025-07-01,303261.31,944484,steamcharts,,,,,
PUBG: BATTLEGROUNDS,578080,2025-08-01,295503.96,724503,steamcharts,,,,,
PUBG: BATTLEGROUNDS,578080,2025-09-01,278095.62,707773,steamcharts,,,,,
PUBG: BATTLEGROUNDS,578080,2025-10-01,266558.99,750442,steamcharts,,,,,
PUBG: BATTLEGROUNDS,578080,2025-11-01,277985.22,691068,steamcharts,,,,,
PUBG: BATTLEGROUNDS,578080,2025-12-01,279406.47,751295,steamcharts,,,,,
PUBG: BATTLEGROUNDS,578080,2026-01-01,290396.69,712143,steamcharts,,,,,
PUBG: BATTLEGROUNDS,578080,2026-02-01,267134.96,694462,steamcharts,,,,,
PUBG: BATTLEGROUNDS,578080,2026-03-01,327212.78,1290870,steamcharts,,,,,
PUBG: BATTLEGROUNDS,578080,2026-04-01,353167.38,979753,steamcharts,,,,,
Realm of the Mad God Exalt,200210,2012-07-01,1121.92,1642,steamcharts,,,,,
Realm of the Mad God Exalt,200210,2012-08-01,1447.01,2558,steamcharts,,,,,
Realm of the Mad God Exalt,200210,2012-09-01,1126.96,2306,steamcharts,,,,,
Realm of the Mad God Exalt,200210,2012-10-01,754.17,1718,steamcharts,,,,,
Realm of the Mad God Exalt,200210,2012-11-01,678.92,1523,steamcharts,,,,,
Realm of the Mad God Exalt,200210,2012-12-01,715.72,1350,steamcharts,,,,,
Realm of the Mad God Exalt,200210,2013-01-01,745.27,1499,steamcharts,,,,,
Realm of the Mad God Exalt,200210,2013-02-01,872.49,1641,steamcharts,,,,,
Realm of the Mad God Exalt,200210,2013-03-01,737.49,1633,steamcharts,,,,,
Realm of the Mad God Exalt,200210,2013-04-01,831.84,1669,steamcharts,,,,,
Realm of the Mad God Exalt,200210,2013-05-01,773.85,1550,steamcharts,,,,,
Realm of the Mad God Exalt,200210,2013-06-01,834.82,1420,steamcharts,,,,,
Realm of the Mad God Exalt,200210,2013-07-01,778.54,1426,steamcharts,,,,,
Realm of the Mad God Exalt,200210,2013-08-01,715.04,1109,steamcharts,,,,,
Realm of the Mad God Exalt,200210,2013-09-01,631.26,1421,steamcharts,,,,,
Realm of the Mad God Exalt,200210,2013-10-01,575.1,1150,steamcharts,,,,,
Realm of the Mad God Exalt,200210,2013-11-01,617.4,1320,steamcharts,,,,,
Realm of the Mad God Exalt,200210,2013-12-01,751.58,1474,steamcharts,,,,,
Realm of the Mad God Exalt,200210,2014-01-01,800.6,1452,steamcharts,,,,,
Realm of the Mad God Exalt,200210,2014-02-01,451.05,2067,steamcharts,,,,,
Realm of the Mad God Exalt,200210,2014-03-01,971.85,2056,steamcharts,,,,,
Realm of the Mad God Exalt,200210,2014-04-01,1145.92,2771,steamcharts,,,,,
Realm of the Mad God Exalt,200210,2014-05-01,905.16,1875,steamcharts,,,,,
Realm of the Mad God Exalt,200210,2014-06-01,981.87,1733,steamcharts,,,,,
Realm of the Mad God Exalt,200210,2014-07-01,917.06,1531,steamcharts,,,,,
Realm of the Mad God Exalt,200210,2014-08-01,856.28,1597,steamcharts,,,,,
Realm of the Mad God Exalt,200210,2014-09-01,948.31,2264,steamcharts,,,,,
Realm of the Mad God Exalt,200210,2014-10-01,1004.47,2405,steamcharts,,,,,
Realm of the Mad God Exalt,200210,2014-11-01,1000.76,2168,steamcharts,,,,,
Realm of the Mad God Exalt,200210,2014-12-01,990.43,1781,steamcharts,,,,,
Realm of the Mad God Exalt,200210,2015-01-01,897.26,1771,steamcharts,,,,,
Realm of the Mad God Exalt,200210,2015-02-01,936.83,1795,steamcharts,,,,,
Realm of the Mad God Exalt,200210,2015-03-01,902.41,1792,steamcharts,,,,,
Realm of the Mad God Exalt,200210,2015-04-01,869.37,1646,steamcharts,,,,,
Realm of the Mad God Exalt,200210,2015-05-01,872.97,1654,steamcharts,,,,,
Realm of the Mad God Exalt,200210,2015-06-01,976.19,1613,steamcharts,,,,,
Realm of the Mad God Exalt,200210,2015-07-01,895.52,1481,steamcharts,,,,,
Realm of the Mad God Exalt,200210,2015-08-01,801.18,1349,steamcharts,,,,,
Realm of the Mad God Exalt,200210,2015-09-01,673.68,1359,steamcharts,,,,,
Realm of the Mad God Exalt,200210,2015-10-01,720.54,1433,steamcharts,,,,,
Realm of the Mad God Exalt,200210,2015-11-01,886.37,2171,steamcharts,,,,,
Realm of the Mad God Exalt,200210,2015-12-01,962.83,1720,steamcharts,,,,,
Realm of the Mad God Exalt,200210,2016-01-01,901.73,1712,steamcharts,,,,,
Realm of the Mad God Exalt,200210,2016-02-01,849.41,1633,steamcharts,,,,,
Realm of the Mad God Exalt,200210,2016-03-01,783.68,1576,steamcharts,,,,,
Realm of the Mad God Exalt,200210,2016-04-01,715.19,1371,steamcharts,,,,,
Realm of the Mad God Exalt,200210,2016-05-01,659.6,1398,steamcharts,,,,,
Realm of the Mad God Exalt,200210,2016-06-01,709.93,1234,steamcharts,,,,,
Realm of the Mad God Exalt,200210,2016-07-01,944.95,1878,steamcharts,,,,,
Realm of the Mad God Exalt,200210,2016-08-01,1288.46,2108,steamcharts,,,,,
Realm of the Mad God Exalt,200210,2016-09-01,937.41,2029,steamcharts,,,,,
Realm of the Mad God Exalt,200210,2016-10-01,882.35,1854,steamcharts,,,,,
Realm of the Mad God Exalt,200210,2016-11-01,835.32,1682,steamcharts,,,,,
Realm of the Mad God Exalt,200210,2016-12-01,849.68,1523,steamcharts,,,,,
Realm of the Mad God Exalt,200210,2017-01-01,837.22,1575,steamcharts,,,,,
Realm of the Mad God Exalt,200210,2017-02-01,799.71,1571,steamcharts,,,,,
Realm of the Mad God Exalt,200210,2017-03-01,935.07,1875,steamcharts,,,,,
Realm of the Mad God Exalt,200210,2017-04-01,1051.52,1887,steamcharts,,,,,
Realm of the Mad God Exalt,200210,2017-05-01,911.96,1748,steamcharts,,,,,
Realm of the Mad God Exalt,200210,2017-06-01,963.94,1543,steamcharts,,,,,
Realm of the Mad God Exalt,200210,2017-07-01,1081.41,1738,steamcharts,,,,,
Realm of the Mad God Exalt,200210,2017-08-01,1889.74,3003,steamcharts,,,,,
Realm of the Mad God Exalt,200210,2017-09-01,1425.51,3027,steamcharts,,,,,
Realm of the Mad God Exalt,200210,2017-10-01,1230.25,2513,steamcharts,,,,,
Realm of the Mad God Exalt,200210,2017-11-01,1261.22,2579,steamcharts,,,,,
Realm of the Mad God Exalt,200210,2017-12-01,1563.98,2719,steamcharts,,,,,
Realm of the Mad God Exalt,200210,2018-01-01,1290.81,2630,steamcharts,,,,,
Realm of the Mad God Exalt,200210,2018-02-01,1268.32,2427,steamcharts,,,,,
Realm of the Mad God Exalt,200210,2018-03-01,1085.47,1961,steamcharts,,,,,
Realm of the Mad God Exalt,200210,2018-04-01,1213.21,2155,steamcharts,,,,,
Realm of the Mad God Exalt,200210,2018-05-01,1214.53,2272,steamcharts,,,,,
Realm of the Mad God Exalt,200210,2018-06-01,1317.28,2184,steamcharts,,,,,
Realm of the Mad God Exalt,200210,2018-07-01,1380.28,2945,steamcharts,,,,,
Realm of the Mad God Exalt,200210,2018-08-01,1996.69,3678,steamcharts,,,,,
Realm of the Mad God Exalt,200210,2018-09-01,1135.04,2398,steamcharts,,,,,
Realm of the Mad God Exalt,200210,2018-10-01,920.39,1734,steamcharts,,,,,
Realm of the Mad God Exalt,200210,2018-11-01,839.78,1548,steamcharts,,,,,
Realm of the Mad God Exalt,200210,2018-12-01,1078.21,1826,steamcharts,,,,,
Realm of the Mad God Exalt,200210,2019-01-01,966.49,1856,steamcharts,,,,,
Realm of the Mad God Exalt,200210,2019-02-01,880.0,1501,steamcharts,,,,,
Realm of the Mad God Exalt,200210,2019-03-01,845.21,1462,steamcharts,,,,,
Realm of the Mad God Exalt,200210,2019-04-01,836.1,1558,steamcharts,,,,,
Realm of the Mad God Exalt,200210,2019-05-01,980.25,1744,steamcharts,,,,,
Realm of the Mad God Exalt,200210,2019-06-01,961.77,1679,steamcharts,,,,,
Realm of the Mad God Exalt,200210,2019-07-01,943.2,1707,steamcharts,,,,,
Realm of the Mad God Exalt,200210,2019-08-01,751.7,1265,steamcharts,,,,,
Realm of the Mad God Exalt,200210,2019-09-01,594.36,1166,steamcharts,,,,,
Realm of the Mad God Exalt,200210,2019-10-01,665.84,1227,steamcharts,,,,,
Realm of the Mad God Exalt,200210,2019-11-01,806.78,1429,steamcharts,,,,,
Realm of the Mad God Exalt,200210,2019-12-01,998.57,1687,steamcharts,,,,,
Realm of the Mad God Exalt,200210,2020-01-01,962.75,1722,steamcharts,,,,,
Realm of the Mad God Exalt,200210,2020-02-01,910.18,1577,steamcharts,,,,,
Realm of the Mad God Exalt,200210,2020-03-01,1413.04,2615,steamcharts,,,,,
Realm of the Mad God Exalt,200210,2020-04-01,2901.4,6072,steamcharts,,,,,
Realm of the Mad God Exalt,200210,2020-05-01,2702.88,4277,steamcharts,,,,,
Realm of the Mad God Exalt,200210,2020-06-01,1837.61,2779,steamcharts,,,,,
Realm of the Mad God Exalt,200210,2020-07-01,1579.2,2467,steamcharts,,,,,
Realm of the Mad God Exalt,200210,2020-08-01,1955.34,2910,steamcharts,,,,,
Realm of the Mad God Exalt,200210,2020-09-01,2271.88,4714,steamcharts,,,,,
Realm of the Mad God Exalt,200210,2020-10-01,2479.38,3732,steamcharts,,,,,
Realm of the Mad God Exalt,200210,2020-11-01,2006.95,3290,steamcharts,,,,,
Realm of the Mad God Exalt,200210,2020-12-01,2229.28,3805,steamcharts,,,,,
Realm of the Mad God Exalt,200210,2021-01-01,2071.37,3439,steamcharts,,,,,
Realm of the Mad God Exalt,200210,2021-02-01,1904.6,2709,steamcharts,,,,,
Realm of the Mad God Exalt,200210,2021-03-01,1972.42,3965,steamcharts,,,,,
Realm of the Mad God Exalt,200210,2021-04-01,2708.33,4259,steamcharts,,,,,
Realm of the Mad God Exalt,200210,2021-05-01,1927.78,3145,steamcharts,,,,,
Realm of the Mad God Exalt,200210,2021-06-01,1779.32,2603,steamcharts,,,,,
Realm of the Mad God Exalt,200210,2021-07-01,1722.09,2382,steamcharts,,,,,
Realm of the Mad God Exalt,200210,2021-08-01,2496.21,4789,steamcharts,,,,,
Realm of the Mad God Exalt,200210,2021-09-01,2459.18,3880,steamcharts,,,,,
Realm of the Mad God Exalt,200210,2021-10-01,1555.12,2420,steamcharts,,,,,
Realm of the Mad God Exalt,200210,2021-11-01,1314.86,2044,steamcharts,,,,,
Realm of the Mad God Exalt,200210,2021-12-01,1449.74,2267,steamcharts,,,,,
Realm of the Mad God Exalt,200210,2022-01-01,1471.02,2363,steamcharts,,,,,
Realm of the Mad God Exalt,200210,2022-02-01,1290.67,1901,steamcharts,,,,,
Realm of the Mad God Exalt,200210,2022-03-01,1273.44,2435,steamcharts,,,,,
Realm of the Mad God Exalt,200210,2022-04-01,1688.04,2543,steamcharts,,,,,
Realm of the Mad God Exalt,200210,2022-05-01,1387.98,2039,steamcharts,,,,,
Realm of the Mad God Exalt,200210,2022-06-01,1298.68,2175,steamcharts,,,,,
Realm of the Mad God Exalt,200210,2022-07-01,1206.43,1752,steamcharts,,,,,
Realm of the Mad God Exalt,200210,2022-08-01,1569.72,2533,steamcharts,,,,,
Realm of the Mad God Exalt,200210,2022-09-01,1466.88,2582,steamcharts,,,,,
Realm of the Mad God Exalt,200210,2022-10-01,1643.88,2760,steamcharts,,,,,
Realm of the Mad God Exalt,200210,2022-11-01,1376.37,2203,steamcharts,,,,,
Realm of the Mad God Exalt,200210,2022-12-01,1471.79,2329,steamcharts,,,,,
Realm of the Mad God Exalt,200210,2023-01-01,1224.45,1837,steamcharts,,,,,
Realm of the Mad God Exalt,200210,2023-02-01,1316.26,1956,steamcharts,,,,,
Realm of the Mad God Exalt,200210,2023-03-01,1373.89,2283,steamcharts,,,,,
Realm of the Mad God Exalt,200210,2023-04-01,1664.15,2573,steamcharts,,,,,
Realm of the Mad God Exalt,200210,2023-05-01,1662.48,2505,steamcharts,,,,,
Realm of the Mad God Exalt,200210,2023-06-01,1498.59,2274,steamcharts,,,,,
Realm of the Mad God Exalt,200210,2023-07-01,1494.59,2260,steamcharts,,,,,
Realm of the Mad God Exalt,200210,2023-08-01,1653.38,2671,steamcharts,,,,,
Realm of the Mad God Exalt,200210,2023-09-01,1205.68,1894,steamcharts,,,,,
Realm of the Mad God Exalt,200210,2023-10-01,1323.56,2021,steamcharts,,,,,
Realm of the Mad God Exalt,200210,2023-11-01,1279.78,1983,steamcharts,,,,,
Realm of the Mad God Exalt,200210,2023-12-01,1255.25,1913,steamcharts,,,,,
Realm of the Mad God Exalt,200210,2024-01-01,1166.11,1831,steamcharts,,,,,
Realm of the Mad God Exalt,200210,2024-02-01,1161.79,1748,steamcharts,,,,,
Realm of the Mad God Exalt,200210,2024-03-01,1413.48,2351,steamcharts,,,,,
Realm of the Mad God Exalt,200210,2024-04-01,1666.1,2842,steamcharts,,,,,
Realm of the Mad God Exalt,200210,2024-05-01,1657.22,2578,steamcharts,,,,,
Realm of the Mad God Exalt,200210,2024-06-01,1393.4,2444,steamcharts,,,,,
Realm of the Mad God Exalt,200210,2024-07-01,1172.38,1997,steamcharts,,,,,
Realm of the Mad God Exalt,200210,2024-08-01,1278.62,2054,steamcharts,,,,,
Realm of the Mad God Exalt,200210,2024-09-01,1017.14,1534,steamcharts,,,,,
Realm of the Mad God Exalt,200210,2024-10-01,1269.62,2014,steamcharts,,,,,
Realm of the Mad God Exalt,200210,2024-11-01,1029.72,1752,steamcharts,,,,,
Realm of the Mad God Exalt,200210,2024-12-01,1115.75,1612,steamcharts,,,,,
Realm of the Mad God Exalt,200210,2025-01-01,1135.94,1765,steamcharts,,,,,
Realm of the Mad God Exalt,200210,2025-02-01,1196.67,1779,steamcharts,,,,,
Realm of the Mad God Exalt,200210,2025-03-01,1304.07,2130,steamcharts,,,,,
Realm of the Mad God Exalt,200210,2025-04-01,1279.66,2061,steamcharts,,,,,
Realm of the Mad God Exalt,200210,2025-05-01,1590.56,2470,steamcharts,,,,,
Realm of the Mad God Exalt,200210,2025-06-01,1454.69,2394,steamcharts,,,,,
Realm of the Mad God Exalt,200210,2025-07-01,1259.13,1837,steamcharts,,,,,
Realm of the Mad God Exalt,200210,2025-08-01,1247.11,2104,steamcharts,,,,,
Realm of the Mad God Exalt,200210,2025-09-01,1388.97,2171,steamcharts,,,,,
Realm of the Mad God Exalt,200210,2025-10-01,1286.98,2009,steamcharts,,,,,
Realm of the Mad God Exalt,200210,2025-11-01,1117.72,1692,steamcharts,,,,,
Realm of the Mad God Exalt,200210,2025-12-01,1018.84,1489,steamcharts,,,,,
Realm of the Mad God Exalt,200210,2026-01-01,981.22,1611,steamcharts,,,,,
Realm of the Mad God Exalt,200210,2026-02-01,928.65,1664,steamcharts,,,,,
Realm of the Mad God Exalt,200210,2026-03-01,907.91,1647,steamcharts,,,,,
Realm of the Mad God Exalt,200210,2026-04-01,1010.96,1684,steamcharts,,,,,
STAR WARS Battlefront II,1237950,2020-06-01,2418.88,3755,steamcharts,,,,,
STAR WARS Battlefront II,1237950,2020-07-01,1616.26,3725,steamcharts,,,,,
STAR WARS Battlefront II,1237950,2020-08-01,654.52,1323,steamcharts,,,,,
STAR WARS Battlefront II,1237950,2020-09-01,1958.54,7671,steamcharts,,,,,
STAR WARS Battlefront II,1237950,2020-10-01,815.8,2134,steamcharts,,,,,
STAR WARS Battlefront II,1237950,2020-11-01,1329.93,4504,steamcharts,,,,,
STAR WARS Battlefront II,1237950,2020-12-01,3530.46,9187,steamcharts,,,,,
STAR WARS Battlefront II,1237950,2021-01-01,5150.48,10345,steamcharts,,,,,
STAR WARS Battlefront II,1237950,2021-02-01,2906.59,5364,steamcharts,,,,,
STAR WARS Battlefront II,1237950,2021-03-01,1885.24,3697,steamcharts,,,,,
STAR WARS Battlefront II,1237950,2021-04-01,1262.48,2306,steamcharts,,,,,
STAR WARS Battlefront II,1237950,2021-05-01,1495.63,2864,steamcharts,,,,,
STAR WARS Battlefront II,1237950,2021-06-01,1111.69,2031,steamcharts,,,,,
STAR WARS Battlefront II,1237950,2021-07-01,1208.11,2254,steamcharts,,,,,
STAR WARS Battlefront II,1237950,2021-08-01,1145.19,3231,steamcharts,,,,,
STAR WARS Battlefront II,1237950,2021-09-01,1307.84,3025,steamcharts,,,,,
STAR WARS Battlefront II,1237950,2021-10-01,1075.03,2375,steamcharts,,,,,
STAR WARS Battlefront II,1237950,2021-11-01,1119.49,2410,steamcharts,,,,,
STAR WARS Battlefront II,1237950,2021-12-01,1033.52,2097,steamcharts,,,,,
STAR WARS Battlefront II,1237950,2022-01-01,988.85,2224,steamcharts,,,,,
STAR WARS Battlefront II,1237950,2022-02-01,1579.64,3244,steamcharts,,,,,
STAR WARS Battlefront II,1237950,2022-03-01,1560.54,3767,steamcharts,,,,,
STAR WARS Battlefront II,1237950,2022-04-01,1307.86,2645,steamcharts,,,,,
STAR WARS Battlefront II,1237950,2022-05-01,1942.61,4667,steamcharts,,,,,
STAR WARS Battlefront II,1237950,2022-06-01,1989.93,4098,steamcharts,,,,,
STAR WARS Battlefront II,1237950,2022-07-01,1745.97,3240,steamcharts,,,,,
STAR WARS Battlefront II,1237950,2022-08-01,1126.97,2100,steamcharts,,,,,
STAR WARS Battlefront II,1237950,2022-09-01,907.62,1792,steamcharts,,,,,
STAR WARS Battlefront II,1237950,2022-10-01,695.36,1343,steamcharts,,,,,
STAR WARS Battlefront II,1237950,2022-11-01,1640.49,4290,steamcharts,,,,,
STAR WARS Battlefront II,1237950,2022-12-01,1228.61,2517,steamcharts,,,,,
STAR WARS Battlefront II,1237950,2023-01-01,1655.99,3430,steamcharts,,,,,
STAR WARS Battlefront II,1237950,2023-02-01,1755.84,4715,steamcharts,,,,,
STAR WARS Battlefront II,1237950,2023-03-01,1019.03,1939,steamcharts,,,,,
STAR WARS Battlefront II,1237950,2023-04-01,1306.44,3426,steamcharts,,,,,
STAR WARS Battlefront II,1237950,2023-05-01,1836.8,4055,steamcharts,,,,,
STAR WARS Battlefront II,1237950,2023-06-01,1057.04,2203,steamcharts,,,,,
STAR WARS Battlefront II,1237950,2023-07-01,1063.7,1906,steamcharts,,,,,
STAR WARS Battlefront II,1237950,2023-08-01,898.64,1789,steamcharts,,,,,
STAR WARS Battlefront II,1237950,2023-09-01,926.37,2131,steamcharts,,,,,
STAR WARS Battlefront II,1237950,2023-10-01,918.43,1841,steamcharts,,,,,
STAR WARS Battlefront II,1237950,2023-11-01,891.01,1854,steamcharts,,,,,
STAR WARS Battlefront II,1237950,2023-12-01,1034.58,2742,steamcharts,,,,,
STAR WARS Battlefront II,1237950,2024-01-01,1339.82,2896,steamcharts,,,,,
STAR WARS Battlefront II,1237950,2024-02-01,1188.04,2535,steamcharts,,,,,
STAR WARS Battlefront II,1237950,2024-03-01,1568.59,4167,steamcharts,,,,,
STAR WARS Battlefront II,1237950,2024-04-01,1092.64,2447,steamcharts,,,,,
STAR WARS Battlefront II,1237950,2024-05-01,2025.84,4987,steamcharts,,,,,
STAR WARS Battlefront II,1237950,2024-06-01,1018.4,2107,steamcharts,,,,,
STAR WARS Battlefront II,1237950,2024-07-01,952.43,1755,steamcharts,,,,,
STAR WARS Battlefront II,1237950,2024-08-01,936.79,1821,steamcharts,,,,,
STAR WARS Battlefront II,1237950,2024-09-01,1067.33,3367,steamcharts,,,,,
STAR WARS Battlefront II,1237950,2024-10-01,810.58,1743,steamcharts,,,,,
STAR WARS Battlefront II,1237950,2024-11-01,841.58,1863,steamcharts,,,,,
STAR WARS Battlefront II,1237950,2024-12-01,1219.84,2539,steamcharts,,,,,
STAR WARS Battlefront II,1237950,2025-01-01,1172.53,2767,steamcharts,,,,,
STAR WARS Battlefront II,1237950,2025-02-01,1214.27,2725,steamcharts,,,,,
STAR WARS Battlefront II,1237950,2025-03-01,952.25,2164,steamcharts,,,,,
STAR WARS Battlefront II,1237950,2025-04-01,760.59,1540,steamcharts,,,,,
STAR WARS Battlefront II,1237950,2025-05-01,5872.33,18523,steamcharts,,,,,
STAR WARS Battlefront II,1237950,2025-06-01,12371.81,35321,steamcharts,,,,,
STAR WARS Battlefront II,1237950,2025-07-01,10894.17,28104,steamcharts,,,,,
STAR WARS Battlefront II,1237950,2025-08-01,3856.47,9342,steamcharts,,,,,
STAR WARS Battlefront II,1237950,2025-09-01,1868.2,3718,steamcharts,,,,,
STAR WARS Battlefront II,1237950,2025-10-01,1282.07,2783,steamcharts,,,,,
STAR WARS Battlefront II,1237950,2025-11-01,1356.58,3290,steamcharts,,,,,
STAR WARS Battlefront II,1237950,2025-12-01,2015.94,5205,steamcharts,,,,,
STAR WARS Battlefront II,1237950,2026-01-01,2228.1,5590,steamcharts,,,,,
STAR WARS Battlefront II,1237950,2026-02-01,1883.49,4382,steamcharts,,,,,
STAR WARS Battlefront II,1237950,2026-03-01,1597.76,3617,steamcharts,,,,,
STAR WARS Battlefront II,1237950,2026-04-01,1401.0,3117,steamcharts,,,,,
Team Fortress 2,440,2012-07-01,45566.9,62321,steamcharts,,,,,
Team Fortress 2,440,2012-08-01,61561.37,117917,steamcharts,,,,,
Team Fortress 2,440,2012-09-01,50699.07,90232,steamcharts,,,,,
Team Fortress 2,440,2012-10-01,46978.7,106853,steamcharts,,,,,
Team Fortress 2,440,2012-11-01,42498.53,80988,steamcharts,,,,,
Team Fortress 2,440,2012-12-01,43623.98,73695,steamcharts,,,,,
Team Fortress 2,440,2013-01-01,44255.06,74300,steamcharts,,,,,
Team Fortress 2,440,2013-02-01,43210.75,72893,steamcharts,,,,,
Team Fortress 2,440,2013-03-01,43336.2,72799,steamcharts,,,,,
Team Fortress 2,440,2013-04-01,41942.51,71706,steamcharts,,,,,
Team Fortress 2,440,2013-05-01,44632.91,75126,steamcharts,,,,,
Team Fortress 2,440,2013-06-01,50739.88,77349,steamcharts,,,,,
Team Fortress 2,440,2013-07-01,48700.77,72803,steamcharts,,,,,
Team Fortress 2,440,2013-08-01,50324.72,74504,steamcharts,,,,,
Team Fortress 2,440,2013-09-01,43714.36,77493,steamcharts,,,,,
Team Fortress 2,440,2013-10-01,42808.16,74370,steamcharts,,,,,
Team Fortress 2,440,2013-11-01,44536.35,79961,steamcharts,,,,,
Team Fortress 2,440,2013-12-01,47901.53,86393,steamcharts,,,,,
Team Fortress 2,440,2014-01-01,50662.31,83323,steamcharts,,,,,
Team Fortress 2,440,2014-02-01,49817.43,83502,steamcharts,,,,,
Team Fortress 2,440,2014-03-01,49145.6,82998,steamcharts,,,,,
Team Fortress 2,440,2014-04-01,49671.2,80730,steamcharts,,,,,
Team Fortress 2,440,2014-05-01,47900.26,80053,steamcharts,,,,,
Team Fortress 2,440,2014-06-01,53342.72,90242,steamcharts,,,,,
Team Fortress 2,440,2014-07-01,56704.31,76060,steamcharts,,,,,
Team Fortress 2,440,2014-08-01,59228.78,83414,steamcharts,,,,,
Team Fortress 2,440,2014-09-01,55091.58,93749,steamcharts,,,,,
Team Fortress 2,440,2014-10-01,57976.98,101741,steamcharts,,,,,
Team Fortress 2,440,2014-11-01,56732.74,104323,steamcharts,,,,,
Team Fortress 2,440,2014-12-01,58391.58,97449,steamcharts,,,,,
Team Fortress 2,440,2015-01-01,58550.38,94272,steamcharts,,,,,
Team Fortress 2,440,2015-02-01,56469.57,90599,steamcharts,,,,,
Team Fortress 2,440,2015-03-01,54117.72,89571,steamcharts,,,,,
Team Fortress 2,440,2015-04-01,54533.01,84438,steamcharts,,,,,
Team Fortress 2,440,2015-05-01,55586.91,84603,steamcharts,,,,,
Team Fortress 2,440,2015-06-01,56344.56,78971,steamcharts,,,,,
Team Fortress 2,440,2015-07-01,60778.74,83241,steamcharts,,,,,
Team Fortress 2,440,2015-08-01,60484.79,85201,steamcharts,,,,,
Team Fortress 2,440,2015-09-01,55776.77,90718,steamcharts,,,,,
Team Fortress 2,440,2015-10-01,55256.59,91684,steamcharts,,,,,
Team Fortress 2,440,2015-11-01,52145.23,91588,steamcharts,,,,,
Team Fortress 2,440,2015-12-01,52972.94,82824,steamcharts,,,,,
Team Fortress 2,440,2016-01-01,52763.52,80583,steamcharts,,,,,
Team Fortress 2,440,2016-02-01,52864.72,83544,steamcharts,,,,,
Team Fortress 2,440,2016-03-01,52754.37,83425,steamcharts,,,,,
Team Fortress 2,440,2016-04-01,51434.75,81206,steamcharts,,,,,
Team Fortress 2,440,2016-05-01,49804.41,77972,steamcharts,,,,,
Team Fortress 2,440,2016-06-01,51362.73,72453,steamcharts,,,,,
Team Fortress 2,440,2016-07-01,54459.35,72643,steamcharts,,,,,
Team Fortress 2,440,2016-08-01,53742.49,72111,steamcharts,,,,,
Team Fortress 2,440,2016-09-01,48541.21,74797,steamcharts,,,,,
Team Fortress 2,440,2016-10-01,45910.06,81153,steamcharts,,,,,
Team Fortress 2,440,2016-11-01,46904.24,77056,steamcharts,,,,,
Team Fortress 2,440,2016-12-01,50140.76,71438,steamcharts,,,,,
Team Fortress 2,440,2017-01-01,52436.19,77405,steamcharts,,,,,
Team Fortress 2,440,2017-02-01,51787.36,77381,steamcharts,,,,,
Team Fortress 2,440,2017-03-01,49483.19,74656,steamcharts,,,,,
Team Fortress 2,440,2017-04-01,51733.52,72616,steamcharts,,,,,
Team Fortress 2,440,2017-05-01,50126.01,73188,steamcharts,,,,,
Team Fortress 2,440,2017-06-01,52408.06,69895,steamcharts,,,,,
Team Fortress 2,440,2017-07-01,51861.41,66951,steamcharts,,,,,
Team Fortress 2,440,2017-08-01,52992.48,69172,steamcharts,,,,,
Team Fortress 2,440,2017-09-01,50985.18,73411,steamcharts,,,,,
Team Fortress 2,440,2017-10-01,54963.29,97248,steamcharts,,,,,
Team Fortress 2,440,2017-11-01,52270.09,84022,steamcharts,,,,,
Team Fortress 2,440,2017-12-01,51816.11,71122,steamcharts,,,,,
Team Fortress 2,440,2018-01-01,53432.1,72845,steamcharts,,,,,
Team Fortress 2,440,2018-02-01,37715.11,69198,steamcharts,,,,,
Team Fortress 2,440,2018-03-01,36781.88,57366,steamcharts,,,,,
Team Fortress 2,440,2018-04-01,39180.46,58292,steamcharts,,,,,
Team Fortress 2,440,2018-05-01,38847.02,56049,steamcharts,,,,,
Team Fortress 2,440,2018-06-01,44207.43,57752,steamcharts,,,,,
Team Fortress 2,440,2018-07-01,46149.36,59658,steamcharts,,,,,
Team Fortress 2,440,2018-08-01,43632.35,57772,steamcharts,,,,,
Team Fortress 2,440,2018-09-01,41002.12,58152,steamcharts,,,,,
Team Fortress 2,440,2018-10-01,48766.22,97329,steamcharts,,,,,
Team Fortress 2,440,2018-11-01,53084.17,93560,steamcharts,,,,,
Team Fortress 2,440,2018-12-01,50592.4,116141,steamcharts,,,,,
Team Fortress 2,440,2019-01-01,50511.29,66649,steamcharts,,,,,
Team Fortress 2,440,2019-02-01,47707.59,65290,steamcharts,,,,,
Team Fortress 2,440,2019-03-01,45940.01,63379,steamcharts,,,,,
Team Fortress 2,440,2019-04-01,42505.05,60330,steamcharts,,,,,
Team Fortress 2,440,2019-05-01,39076.92,54127,steamcharts,,,,,
Team Fortress 2,440,2019-06-01,43002.54,57130,steamcharts,,,,,
Team Fortress 2,440,2019-07-01,49538.99,93245,steamcharts,,,,,
Team Fortress 2,440,2019-08-01,45544.88,64518,steamcharts,,,,,
Team Fortress 2,440,2019-09-01,48332.88,64640,steamcharts,,,,,
Team Fortress 2,440,2019-10-01,51993.93,73467,steamcharts,,,,,
Team Fortress 2,440,2019-11-01,50315.89,69869,steamcharts,,,,,
Team Fortress 2,440,2019-12-01,61695.9,103481,steamcharts,,,,,
Team Fortress 2,440,2020-01-01,59597.88,76738,steamcharts,,,,,
Team Fortress 2,440,2020-02-01,60109.05,78393,steamcharts,,,,,
Team Fortress 2,440,2020-03-01,67978.93,85149,steamcharts,,,,,
Team Fortress 2,440,2020-04-01,67187.12,88124,steamcharts,,,,,
Team Fortress 2,440,2020-05-01,66393.8,85744,steamcharts,,,,,
Team Fortress 2,440,2020-06-01,65169.91,79946,steamcharts,,,,,
Team Fortress 2,440,2020-07-01,69301.89,89648,steamcharts,,,,,
Team Fortress 2,440,2020-08-01,66943.58,96577,steamcharts,,,,,
Team Fortress 2,440,2020-09-01,68866.24,86576,steamcharts,,,,,
Team Fortress 2,440,2020-10-01,73594.08,130548,steamcharts,,,,,
Team Fortress 2,440,2020-11-01,70304.79,101610,steamcharts,,,,,
Team Fortress 2,440,2020-12-01,82423.51,146887,steamcharts,,,,,
Team Fortress 2,440,2021-01-01,83148.17,111102,steamcharts,,,,,
Team Fortress 2,440,2021-02-01,101230.91,133620,steamcharts,,,,,
Team Fortress 2,440,2021-03-01,88703.56,113107,steamcharts,,,,,
Team Fortress 2,440,2021-04-01,88187.0,118950,steamcharts,,,,,
Team Fortress 2,440,2021-05-01,89532.22,123327,steamcharts,,,,,
Team Fortress 2,440,2021-06-01,106222.95,150037,steamcharts,,,,,
Team Fortress 2,440,2021-07-01,85157.49,134736,steamcharts,,,,,
Team Fortress 2,440,2021-08-01,75015.97,92436,steamcharts,,,,,
Team Fortress 2,440,2021-09-01,81854.01,100830,steamcharts,,,,,
Team Fortress 2,440,2021-10-01,86103.07,107528,steamcharts,,,,,
Team Fortress 2,440,2021-11-01,96993.06,121812,steamcharts,,,,,
Team Fortress 2,440,2021-12-01,89325.46,129147,steamcharts,,,,,
Team Fortress 2,440,2022-01-01,79748.16,129305,steamcharts,,,,,
Team Fortress 2,440,2022-02-01,70352.92,93238,steamcharts,,,,,
Team Fortress 2,440,2022-03-01,72810.79,92526,steamcharts,,,,,
Team Fortress 2,440,2022-04-01,75412.37,94815,steamcharts,,,,,
Team Fortress 2,440,2022-05-01,68496.28,91626,steamcharts,,,,,
Team Fortress 2,440,2022-06-01,90117.39,138435,steamcharts,,,,,
Team Fortress 2,440,2022-07-01,109642.12,139034,steamcharts,,,,,
Team Fortress 2,440,2022-08-01,97974.33,120426,steamcharts,,,,,
Team Fortress 2,440,2022-09-01,96008.54,133570,steamcharts,,,,,
Team Fortress 2,440,2022-10-01,92058.63,127647,steamcharts,,,,,
Team Fortress 2,440,2022-11-01,89344.18,116266,steamcharts,,,,,
Team Fortress 2,440,2022-12-01,99266.25,147868,steamcharts,,,,,
Team Fortress 2,440,2023-01-01,94161.21,135479,steamcharts,,,,,
Team Fortress 2,440,2023-02-01,91717.08,119399,steamcharts,,,,,
Team Fortress 2,440,2023-03-01,91692.98,116604,steamcharts,,,,,
Team Fortress 2,440,2023-04-01,86829.23,106135,steamcharts,,,,,
Team Fortress 2,440,2023-05-01,79956.29,100266,steamcharts,,,,,
Team Fortress 2,440,2023-06-01,67200.2,120989,steamcharts,,,,,
Team Fortress 2,440,2023-07-01,118906.77,253225,steamcharts,,,,,
Team Fortress 2,440,2023-08-01,91712.7,113761,steamcharts,,,,,
Team Fortress 2,440,2023-09-01,76408.31,110520,steamcharts,,,,,
Team Fortress 2,440,2023-10-01,76833.24,180283,steamcharts,,,,,
Team Fortress 2,440,2023-11-01,67802.73,98605,steamcharts,,,,,
Team Fortress 2,440,2023-12-01,115016.03,215509,steamcharts,,,,,
Team Fortress 2,440,2024-01-01,94137.4,179882,steamcharts,,,,,
Team Fortress 2,440,2024-02-01,70143.03,98588,steamcharts,,,,,
Team Fortress 2,440,2024-03-01,59993.08,77754,steamcharts,,,,,
Team Fortress 2,440,2024-04-01,64920.85,83577,steamcharts,,,,,
Team Fortress 2,440,2024-05-01,72178.57,99995,steamcharts,,,,,
Team Fortress 2,440,2024-06-01,78099.27,148457,steamcharts,,,,,
Team Fortress 2,440,2024-07-01,97583.18,159941,steamcharts,,,,,
Team Fortress 2,440,2024-08-01,63648.29,97050,steamcharts,,,,,
Team Fortress 2,440,2024-09-01,52559.95,67263,steamcharts,,,,,
Team Fortress 2,440,2024-10-01,52663.55,78491,steamcharts,,,,,
Team Fortress 2,440,2024-11-01,51794.45,68400,steamcharts,,,,,
Team Fortress 2,440,2024-12-01,68682.9,146595,steamcharts,,,,,
Team Fortress 2,440,2025-01-01,47976.48,80723,steamcharts,,,,,
Team Fortress 2,440,2025-02-01,42205.35,58638,steamcharts,,,,,
Team Fortress 2,440,2025-03-01,43816.4,58434,steamcharts,,,,,
Team Fortress 2,440,2025-04-01,40713.6,55704,steamcharts,,,,,
Team Fortress 2,440,2025-05-01,41675.36,59650,steamcharts,,,,,
Team Fortress 2,440,2025-06-01,44741.34,60738,steamcharts,,,,,
Team Fortress 2,440,2025-07-01,44977.34,70613,steamcharts,,,,,
Team Fortress 2,440,2025-08-01,46105.64,62083,steamcharts,,,,,
Team Fortress 2,440,2025-09-01,47672.62,67138,steamcharts,,,,,
Team Fortress 2,440,2025-10-01,44426.91,82862,steamcharts,,,,,
Team Fortress 2,440,2025-11-01,45417.59,77876,steamcharts,,,,,
Team Fortress 2,440,2025-12-01,52408.03,92856,steamcharts,,,,,
Team Fortress 2,440,2026-01-01,48842.04,68845,steamcharts,,,,,
Team Fortress 2,440,2026-02-01,49577.86,65782,steamcharts,,,,,
Team Fortress 2,440,2026-03-01,49522.4,66670,steamcharts,,,,,
Team Fortress 2,440,2026-04-01,50683.0,69163,steamcharts,,,,,
Z1 Battle Royale,433850,2016-02-01,14039.58,20916,steamcharts,,,,,
Z1 Battle Royale,433850,2016-03-01,11275.41,19414,steamcharts,,,,,
Z1 Battle Royale,433850,2016-04-01,8773.95,14312,steamcharts,,,,,
Z1 Battle Royale,433850,2016-05-01,8231.03,15118,steamcharts,,,,,
Z1 Battle Royale,433850,2016-06-01,8024.58,12895,steamcharts,,,,,
Z1 Battle Royale,433850,2016-07-01,7844.99,11969,steamcharts,,,,,
Z1 Battle Royale,433850,2016-08-01,8445.1,14232,steamcharts,,,,,
Z1 Battle Royale,433850,2016-09-01,9658.93,24677,steamcharts,,,,,
Z1 Battle Royale,433850,2016-10-01,15579.54,27893,steamcharts,,,,,
Z1 Battle Royale,433850,2016-11-01,16185.32,27399,steamcharts,,,,,
Z1 Battle Royale,433850,2016-12-01,21057.4,40645,steamcharts,,,,,
Z1 Battle Royale,433850,2017-01-01,29943.92,50537,steamcharts,,,,,
Z1 Battle Royale,433850,2017-02-01,41964.14,97404,steamcharts,,,,,
Z1 Battle Royale,433850,2017-03-01,62621.01,123838,steamcharts,,,,,
Z1 Battle Royale,433850,2017-04-01,69158.12,137985,steamcharts,,,,,
Z1 Battle Royale,433850,2017-05-01,68237.59,124069,steamcharts,,,,,
Z1 Battle Royale,433850,2017-06-01,71254.26,134487,steamcharts,,,,,
Z1 Battle Royale,433850,2017-07-01,86807.87,150179,steamcharts,,,,,
Z1 Battle Royale,433850,2017-08-01,72379.84,141064,steamcharts,,,,,
Z1 Battle Royale,433850,2017-09-01,46491.72,105111,steamcharts,,,,,
Z1 Battle Royale,433850,2017-10-01,31263.39,63253,steamcharts,,,,,
Z1 Battle Royale,433850,2017-11-01,20748.28,42289,steamcharts,,,,,
Z1 Battle Royale,433850,2017-12-01,19106.42,43250,steamcharts,,,,,
Z1 Battle Royale,433850,2018-01-01,12146.55,23231,steamcharts,,,,,
Z1 Battle Royale,433850,2018-02-01,7162.68,14518,steamcharts,,,,,
Z1 Battle Royale,433850,2018-03-01,13673.01,41891,steamcharts,,,,,
Z1 Battle Royale,433850,2018-04-01,6798.93,14339,steamcharts,,,,,
Z1 Battle Royale,433850,2018-05-01,5159.27,9446,steamcharts,,,,,
Z1 Battle Royale,433850,2018-06-01,5877.05,11302,steamcharts,,,,,
Z1 Battle Royale,433850,2018-07-01,4794.47,9985,steamcharts,,,,,
Z1 Battle Royale,433850,2018-08-01,3154.24,5914,steamcharts,,,,,
Z1 Battle Royale,433850,2018-09-01,2935.33,7001,steamcharts,,,,,
Z1 Battle Royale,433850,2018-10-01,2454.17,4927,steamcharts,,,,,
Z1 Battle Royale,433850,2018-11-01,2984.65,8534,steamcharts,,,,,
Z1 Battle Royale,433850,2018-12-01,1854.7,4010,steamcharts,,,,,
Z1 Battle Royale,433850,2019-01-01,1673.0,3574,steamcharts,,,,,
Z1 Battle Royale,433850,2019-02-01,1079.08,2050,steamcharts,,,,,
Z1 Battle Royale,433850,2019-03-01,4294.8,12731,steamcharts,,,,,
Z1 Battle Royale,433850,2019-04-01,1648.93,4694,steamcharts,,,,,
Z1 Battle Royale,433850,2019-05-01,1145.39,3416,steamcharts,,,,,
Z1 Battle Royale,433850,2019-06-01,782.07,1805,steamcharts,,,,,
Z1 Battle Royale,433850,2019-07-01,542.38,1018,steamcharts,,,,,
Z1 Battle Royale,433850,2019-08-01,459.29,820,steamcharts,,,,,
Z1 Battle Royale,433850,2019-09-01,365.48,746,steamcharts,,,,,
Z1 Battle Royale,433850,2019-10-01,316.81,1201,steamcharts,,,,,
Z1 Battle Royale,433850,2019-11-01,274.06,623,steamcharts,,,,,
Z1 Battle Royale,433850,2019-12-01,248.44,496,steamcharts,,,,,
Z1 Battle Royale,433850,2020-01-01,2525.85,9562,steamcharts,,,,,
Z1 Battle Royale,433850,2020-02-01,1709.8,6721,steamcharts,,,,,
Z1 Battle Royale,433850,2020-03-01,469.54,1328,steamcharts,,,,,
Z1 Battle Royale,433850,2020-04-01,307.8,892,steamcharts,,,,,
Z1 Battle Royale,433850,2020-05-01,232.38,409,steamcharts,,,,,
Z1 Battle Royale,433850,2020-06-01,182.71,369,steamcharts,,,,,
Z1 Battle Royale,433850,2020-07-01,194.71,489,steamcharts,,,,,
Z1 Battle Royale,433850,2020-08-01,248.27,535,steamcharts,,,,,
Z1 Battle Royale,433850,2020-09-01,195.34,398,steamcharts,,,,,
Z1 Battle Royale,433850,2020-10-01,159.93,311,steamcharts,,,,,
Z1 Battle Royale,433850,2020-11-01,199.16,2028,steamcharts,,,,,
Z1 Battle Royale,433850,2020-12-01,198.97,442,steamcharts,,,,,
Z1 Battle Royale,433850,2021-01-01,201.86,412,steamcharts,,,,,
Z1 Battle Royale,433850,2021-02-01,189.05,372,steamcharts,,,,,
Z1 Battle Royale,433850,2021-03-01,2236.22,7544,steamcharts,,,,,
Z1 Battle Royale,433850,2021-04-01,1023.61,3688,steamcharts,,,,,
Z1 Battle Royale,433850,2021-05-01,280.14,728,steamcharts,,,,,
Z1 Battle Royale,433850,2021-06-01,168.47,455,steamcharts,,,,,
Z1 Battle Royale,433850,2021-07-01,135.65,392,steamcharts,,,,,
Z1 Battle Royale,433850,2021-08-01,114.73,244,steamcharts,,,,,
Z1 Battle Royale,433850,2021-09-01,105.48,258,steamcharts,,,,,
Z1 Battle Royale,433850,2021-10-01,102.48,549,steamcharts,,,,,
Z1 Battle Royale,433850,2021-11-01,79.33,183,steamcharts,,,,,
Z1 Battle Royale,433850,2021-12-01,256.84,895,steamcharts,,,,,
Z1 Battle Royale,433850,2022-01-01,186.45,787,steamcharts,,,,,
Z1 Battle Royale,433850,2022-02-01,93.91,326,steamcharts,,,,,
Z1 Battle Royale,433850,2022-03-01,112.04,350,steamcharts,,,,,
Z1 Battle Royale,433850,2022-04-01,88.54,257,steamcharts,,,,,
Z1 Battle Royale,433850,2022-05-01,88.0,264,steamcharts,,,,,
Z1 Battle Royale,433850,2022-06-01,96.93,271,steamcharts,,,,,
Z1 Battle Royale,433850,2022-07-01,88.88,272,steamcharts,,,,,
Z1 Battle Royale,433850,2022-08-01,96.55,322,steamcharts,,,,,
Z1 Battle Royale,433850,2022-09-01,66.31,184,steamcharts,,,,,
Z1 Battle Royale,433850,2022-10-01,56.13,189,steamcharts,,,,,
Z1 Battle Royale,433850,2022-11-01,49.11,146,steamcharts,,,,,
Z1 Battle Royale,433850,2022-12-01,48.61,161,steamcharts,,,,,
Z1 Battle Royale,433850,2023-01-01,64.22,113,steamcharts,,,,,
Z1 Battle Royale,433850,2023-02-01,71.79,277,steamcharts,,,,,
Z1 Battle Royale,433850,2023-03-01,211.66,530,steamcharts,,,,,
Z1 Battle Royale,433850,2023-04-01,394.81,1365,steamcharts,,,,,
Z1 Battle Royale,433850,2023-05-01,1062.22,1378,steamcharts,,,,,
Z1 Battle Royale,433850,2023-06-01,964.01,1226,steamcharts,,,,,
Z1 Battle Royale,433850,2023-07-01,961.21,1113,steamcharts,,,,,
Z1 Battle Royale,433850,2023-08-01,1035.55,1493,steamcharts,,,,,
Z1 Battle Royale,433850,2023-09-01,1027.66,1242,steamcharts,,,,,
Z1 Battle Royale,433850,2023-10-01,531.33,1178,steamcharts,,,,,
Z1 Battle Royale,433850,2023-11-01,45.66,119,steamcharts,,,,,
Z1 Battle Royale,433850,2023-12-01,359.21,1140,steamcharts,,,,,
Z1 Battle Royale,433850,2024-01-01,1007.79,1198,steamcharts,,,,,
Z1 Battle Royale,433850,2024-02-01,1009.74,1268,steamcharts,,,,,
Z1 Battle Royale,433850,2024-03-01,865.32,1202,steamcharts,,,,,
Z1 Battle Royale,433850,2024-04-01,1014.96,1183,steamcharts,,,,,
Z1 Battle Royale,433850,2024-05-01,1015.08,1151,steamcharts,,,,,
Z1 Battle Royale,433850,2024-06-01,869.69,1089,steamcharts,,,,,
Z1 Battle Royale,433850,2024-07-01,1017.71,1133,steamcharts,,,,,
Z1 Battle Royale,433850,2024-08-01,432.42,1056,steamcharts,,,,,
Z1 Battle Royale,433850,2024-09-01,504.23,1016,steamcharts,,,,,
Z1 Battle Royale,433850,2024-10-01,503.13,551,steamcharts,,,,,
Z1 Battle Royale,433850,2024-11-01,751.68,822,steamcharts,,,,,
Z1 Battle Royale,433850,2024-12-01,763.84,940,steamcharts,,,,,
Z1 Battle Royale,433850,2025-01-01,841.35,1183,steamcharts,,,,,
Z1 Battle Royale,433850,2025-02-01,810.57,1126,steamcharts,,,,,
Z1 Battle Royale,433850,2025-03-01,784.77,964,steamcharts,,,,,
Z1 Battle Royale,433850,2025-04-01,765.35,923,steamcharts,,,,,
Z1 Battle Royale,433850,2025-05-01,811.44,1113,steamcharts,,,,,
Z1 Battle Royale,433850,2025-06-01,887.86,1029,steamcharts,,,,,
Z1 Battle Royale,433850,2025-07-01,972.24,1031,steamcharts,,,,,
Z1 Battle Royale,433850,2025-08-01,958.79,1022,steamcharts,,,,,
Z1 Battle Royale,433850,2025-09-01,967.3,1138,steamcharts,,,,,
Z1 Battle Royale,433850,2025-10-01,965.09,1017,steamcharts,,,,,
Z1 Battle Royale,433850,2025-11-01,975.92,1084,steamcharts,,,,,
Z1 Battle Royale,433850,2025-12-01,974.94,1077,steamcharts,,,,,
Z1 Battle Royale,433850,2026-01-01,987.65,1066,steamcharts,,,,,
Z1 Battle Royale,433850,2026-02-01,986.17,1187,steamcharts,,,,,
Z1 Battle Royale,433850,2026-03-01,836.0,1035,steamcharts,,,,,
Z1 Battle Royale,433850,2026-04-01,238.45,1027,steamcharts,,,,,
